名次,标的,得分,建议均线,均线来源,建议复权,复权来源,Δ盈亏,白名单,跨年轮次,年最少轮次,成交年,盈利年,稳定性,年等权盈亏,胜率,利润因子,策略质量,trail占比,最大回撤,年化波动,贴线率,近期,未过原因,盈亏2016,盈亏2017,盈亏2018,盈亏2019,盈亏2020,盈亏2021,盈亏2022,盈亏2023,盈亏2024,盈亏2025,盈亏2026
1,600188.SH,97.50000000000001,EMA,compare,前复权,compare,22575.260000000002,,23,0,5,5,100,4658.14875,78.25217391304346,4.281721087273168,0.6521739130434783,82.6086956521739,-6.4276,61.074992476915426,25.321888412017167,无近期,,,0,0,,,23494.87,0,4659.24,1431.08,3606,4074
2,601877.SH,96.06404958677686,SMA,compare,等比前复权,compare,-2761.6100000000006,,30,0,8,7,87.5,3491.5800000000004,83.33,5.007535640910329,0.6000000000000001,80,-3.9393,35.2354046250095,40.772532188841204,无近期,,7393.25,0,7198.63,3012.83,5376.58,-3055.03,0,0,3520.95,12567.42,2392.75
3,603259.SH,95.99173553719008,EMA,compare,前复权,compare,18294.39,,30,0,7,5,71.42857142857143,4957.446666666667,86.66666666666667,4.62554596064289,0.8,90,-4.6034,56.29842798985049,33.90557939914164,无近期,,,,0,4875,5485.71,-1276,0,-1762,17356,9240.6,10697.71
4,601939.SH,95.66115702479338,SMA,compare,前复权,compare,-1173.0999999999985,是,47,0,9,7,77.77777777777779,5892.249090909091,76.59574468085107,3.5847052152115184,0.5957446808510639,78.72340425531915,-6.2170000000000005,27.47518378868795,54.077253218884124,无近期,,0,0,-3186,16738,1856,4976,-6217,27287,17130,220.74,6010
5,600938.SH,95.6198347107438,EMA,compare,等比前复权,compare,19250.010000000002,,19,0,4,4,100,4763.0740000000005,73.6842105263158,5.823874109273281,0.5789473684210527,78.94736842105263,-3.0673,38.46379231310444,35.622317596566525,无近期,,,,,,,,0,9096.18,2108.04,2646.76,9964.39
5,600028.SH,95.6198347107438,EMA,compare,前复权,compare,32695.800000000003,是,53,0,10,8,80,4613.8,77.3622641509434,3.011565596512089,0.6603773584905661,81.13207547169812,-6.253,26.49719098413435,38.197424892703864,无近期,,1120,6697,4062,0,-5575,5688,15235,5113,11958.8,-2941,9394
7,605499.SH,93.80165289256198,EMA,compare,等比前复权,compare,29277.37,,22,0,4,4,100,3237.9883333333332,77.26818181818183,2.6972857134120822,0.6363636363636364,81.81818181818183,-4.1548,45.672167989608205,36.48068669527897,无近期,,,,,,,0,3708.21,368.42,10732.74,4618.56,0
8,600350.SH,93.7809917355372,EMA,compare,等比前复权,compare,17615.969999999987,是,68,2,11,8,72.72727272727273,5285.23,79.42058823529412,2.631079529306672,0.5735294117647058,77.94117647058823,-8.5722,52.95200822300099,36.05150214592275,无近期,,4582.93,2855.96,-3880.51,-790.13,-2390.75,2915.11,5635.94,21884.26,7401.7,3120.27,16802.75
9,600741.SH,93.30578512396693,SMA,compare,前复权,compare,-17271,,27,0,8,6,75,3011.090909090909,85.17777777777776,3.3042994295255324,0.7037037037037037,85.18518518518519,-9,19.132296641910234,48.497854077253216,无近期,,0,1396,0,21677,2100,2783,0,9519,-2568,7215,-9000
10,000301.SZ,93.150826446281,SMA,compare,前复权,compare,-5958,,25,0,7,5,71.42857142857143,4205.636363636364,80.00800000000001,3.2485661514532906,0.6000000000000001,80,-8.8786,61.32522320276968,27.467811158798284,无近期,,14114,18759,12631,0,0,2898,0,0,3003,-2421,-2722
11,002001.SZ,92.87190082644628,EMA,compare,等比前复权,compare,13379.509999999995,,53,1,11,9,81.81818181818183,3570.47,79.23584905660377,2.3054856418806624,0.6226415094339623,79.24528301886792,-7.2273000000000005,43.01919411363879,45.06437768240343,无近期,,1412.1,4336.78,-3660.53,4403.71,9322.8,1064.97,6035.47,818.87,4361.15,14859.85,-3680
12,002050.SZ,91.06404958677685,SMA,compare,等比前复权,compare,-5513.75,,29,0,10,7,70,3923.0754545454547,79.3,3.4305293577945486,0.5172413793103448,75.86206896551724,-5.7376000000000005,53.67712472720507,18.025751072961373,无近期,,5474.49,8614.04,-4688.78,2653.37,1847.76,4900.63,-4801.33,11674.35,0,18641.49,-1162.19
13,601988.SH,90.48553719008264,EMA,compare,前复权,compare,6875.399999999994,,70,3,11,8,72.72727272727273,6381.945454545454,72.84999999999998,2.904061102326325,0.5,72.85714285714285,-7.725999999999999,24.407056501778666,52.36051502145923,无近期,,14123,34103,-7580,4000.4,-7726,-678,6043,10020,11225,3358,3313
14,601328.SH,89.51446280991736,EMA,compare,前复权,compare,21633,,66,1,11,8,72.72727272727273,5245.468181818182,71.2030303030303,3.7636818660791262,0.5,72.72727272727273,-4.8503,22.575865390164406,56.65236051502146,无近期,,8121,14747.25,-4268,5864,-1768,-528,5642,18385,4562,6798.9,144
15,600031.SH,89.34917355371901,SMA,compare,等比前复权,compare,-25322.62000000001,,40,0,8,7,87.5,3485.2536363636373,72.50750000000001,2.4600216997475473,0.5,75,-10.5966,28.551782806495048,35.1931330472103,无近期,,4176.67,17440.62,-9445.91,4737.61,0,0,0,1914.13,15100.14,2985.23,1429.3
16,600985.SH,88.24380165289256,SMA,compare,前复权,compare,-19008,,17,0,7,5,71.42857142857143,2436.4545454545455,76.47058823529412,4.04418446160836,0.6470588235294117,82.35294117647058,-4.218,55.85007226641061,32.61802575107296,无近期,,0,4261,-2110,0,0,9401,4368,1720,0,-221,9382
17,603799.SH,87.72727272727272,SMA,compare,前复权,compare,-30067.51,,20,0,8,6,75,2236.010909090909,75.00500000000001,3.5079758054319496,0.6,80,-4.0385,54.91623721992842,18.4549356223176,无近期,,3632.29,6861.37,-1342.01,3970,2952.31,3524.62,-4038.46,0,0,9036,0
18,601818.SH,86.98347107438018,EMA,compare,前复权,compare,13169.799999999996,,63,0,9,8,88.88888888888889,4395.963636363636,68.24603174603175,2.159801405511717,0.5396825396825397,76.19047619047619,-5.191599999999999,17.25567855836018,72.96137339055794,无近期,,8736,13510.6,2413,1784,-2044,3597,0,11081,6837,2441,0
19,601615.SH,86.36363636363636,EMA,compare,前复权,compare,15033,,12,0,5,4,80,1724.25,83.31666666666666,2.725328330206379,0.6666666666666666,83.33333333333334,-5.52,50.15645440697567,18.4549356223176,无近期,,,,,0,3271,0,-5520,513,8528,7002,0
20,600703.SH,85.80578512396694,SMA,compare,等比前复权,compare,-18090.73,,24,0,7,5,71.42857142857143,2179.8972727272726,83.33749999999999,2.554426954696497,0.5833333333333334,79.16666666666666,-6.5562,70.86297513868645,23.17596566523605,无近期,,2131.32,1356.64,3404.91,0,0,17400.8,0,-6556.19,0,-3864.61,10106
21,600048.SH,85.00000000000001,EMA,compare,等比前复权,compare,33340.01,,69,0,9,6,66.66666666666666,4235.132727272728,76.82608695652173,2.1205140854200155,0.46376811594202894,72.46376811594203,-5.8418,34.06678310076958,31.759656652360512,无近期,,1413.27,17512.14,-4014.39,22351.43,11126.44,1074.43,-2175.43,211.15,-912.58,0,0
22,002812.SZ,84.97933884297521,SMA,compare,等比前复权,compare,-10165.130000000005,,23,0,8,6,75,2980.38,73.91304347826087,2.9818105321190096,0.39130434782608703,69.56521739130434,-6.4809,55.82152308482933,27.467811158798284,无近期,,0,0,307.23,10461.38,3063.55,22488.59,-3340.57,0,1885,-4055,1974
23,600900.SH,84.0805785123967,EMA,compare,前复权,compare,41881.9,,72,2,11,7,63.63636363636363,4404.052727272728,72.22777777777777,2.3951726521325925,0.513888888888889,73.61111111111111,-6.8166,19.83058085101739,77.6824034334764,无近期,,13515,3533,10653,7249,1990,-565,-102,109.58,14109,-1665,-382
24,600019.SH,83.10950413223141,SMA,compare,等比前复权,compare,-16996.429999999997,,36,0,9,6,66.66666666666666,3574.588181818182,69.44444444444444,3.0236572587285897,0.5,75,-7.0575,21.762240368181832,60.94420600858369,无近期,,0,12003.78,-5188.1,-2681.79,3108.36,23596.24,0,547.2,5679.92,4051.94,-1797.08
25,600600.SH,82.33471074380165,SMA,compare,前复权,compare,-23771,,41,0,9,7,77.77777777777779,2410.7272727272725,70.7439024390244,2.124931065201714,0.5121951219512195,75.60975609756098,-6.0696,22.11856660206579,75.53648068669528,无近期,,-1340,8344,0,14107,276,2724,165,5030,-3894,1106,0
26,601155.SH,82.22107438016528,SMA,compare,前复权,compare,-10244,,24,0,6,5,83.33333333333334,2501,66.66666666666667,2.672807977623738,0.5833333333333333,79.16666666666666,-6.6633,48.148477214057785,27.038626609442062,无近期,,0,0,2520,0,5034,17904,0,-2139,0,2389,1803
27,003816.SZ,81.95247933884298,SMA,compare,等比前复权,compare,-12753.34,,24,0,6,4,66.66666666666666,2083.65375,79.1625,2.4306571285119016,0.5833333333333333,79.16666666666666,-6.4897,23.896511989080633,50.64377682403433,无近期,,,,,0,0,1525.52,-4726.01,8500.73,-469.07,4338.06,7500
28,601838.SH,81.34297520661156,EMA,compare,前复权,compare,18544.8,,28,0,6,5,83.33333333333334,1757.8666666666666,71.42857142857143,2.139909215361337,0.7142857142857143,85.71428571428571,-7.144100000000001,17.76278324700864,58.36909871244635,无近期,,,,0,429,0,0,1092,1560,5991,-2103,8851.8
29,002129.SZ,81.19834710743801,EMA,compare,等比前复权,compare,1667.5599999999977,,23,0,7,5,71.42857142857143,2396,69.56086956521739,2.4363702059454915,0.5652173913043479,78.26086956521739,-4.7057,49.79843290138224,29.184549356223176,无近期,,0,0,538.96,2074.5,0,-282.96,2471.01,-2871.51,0,3080,21346
30,600893.SH,80.0309917355372,SMA,compare,等比前复权,compare,-26151.9,,29,0,9,6,66.66666666666666,1990.2227272727273,79.30689655172414,2.227815288599645,0.5172413793103448,75.86206896551724,-4.4045000000000005,39.851465525608134,30.472103004291846,无近期,,0,-4237.8,0,1006.35,6551.3,5215.12,-3112.98,-198.51,7435.63,4321.87,4911.47
31,601989.SH,79.91735537190083,SMA,compare,前复权,compare,-7852,,21,0,9,6,66.66666666666666,2439.909090909091,71.42857142857144,3.9011998702842936,0.42857142857142866,71.42857142857143,-4.3201,0,100,无近期,,1207,-2108,0,6821,3149,818,-1062,14148,-1417,5283,0
32,601088.SH,79.86570247933885,EMA,compare,等比前复权,compare,3793.590000000004,,72,4,11,8,72.72727272727273,3200.7172727272728,68.05694444444445,1.767365379350989,0.513888888888889,73.61111111111111,-8.101600000000001,26.102075999478462,48.927038626609445,无近期,,5223.5,9616.56,-1293.64,-6688.75,6076.05,6149.79,-245.18,2418.65,5596.96,5242.53,3111.42
33,603659.SH,79.0495867768595,SMA,compare,前复权,compare,-2673.3600000000006,,15,0,5,3,60,1669.02,86.66666666666667,3.1005429379057245,0.7333333333333334,86.66666666666667,-3.9901,42.04635426400522,33.47639484978541,无近期,,,0,0,6434,0,7835.86,-3889.66,-2405,0,8715,0
34,600276.SH,78.87396694214877,SMA,compare,等比前复权,compare,-21184.819999999996,,34,0,9,6,66.66666666666666,2989.5181818181813,73.53529411764707,2.477094384879015,0.35294117647058826,67.64705882352942,-6.3447000000000005,38.71870147978893,43.776824034334766,无近期,,3397.91,3880.77,-3242,1154.96,18626.47,0,0,-152.68,8729.89,4651.39,-4162.01
35,000002.SZ,78.32644628099175,EMA,compare,前复权,compare,25671,,36,0,8,7,87.5,3144.7272727272725,66.67777777777778,2.019751193915453,0.38888888888888895,69.44444444444444,-7.5644,32.753424613985246,37.33905579399141,无近期,,0,21924,696,9949,2194,317,1080,-3988,2420,0,0
36,000661.SZ,78.03719008264463,EMA,compare,等比前复权,compare,25790.929999999993,,37,0,9,6,66.66666666666666,2067.7009090909087,72.97027027027028,2.129681882095369,0.5405405405405406,75.67567567567568,-5.6929,50.078318132342716,32.18884120171674,无近期,,2284.4,6357.82,6092.74,0,5136.17,4389.46,-2464.7,-4848.95,-1090.02,6887.79,0
37,601012.SH,78.00619834710744,SMA,compare,等比前复权,compare,-15988.179999999997,,35,0,8,5,62.5,2234.472727272727,77.12857142857142,2.0142511463309156,0.5142857142857142,74.28571428571429,-9.1521,32.01594002165689,35.622317596566525,无近期,,4289.99,12928.58,-1415.25,1079.76,3948,8702.12,0,0,0,-2730,-2224
38,601318.SH,77.95454545454545,SMA,compare,等比前复权,compare,-9445.429999999993,,43,0,10,6,60,4525.705454545455,67.43488372093023,3.0165389150585136,0.4651162790697674,69.76744186046511,-5.4259,24.283497651973853,38.62660944206009,无近期,,3321.82,17627.98,-3951.45,-2667.86,6760.27,-2059.52,0,5934.35,15211.21,12524.09,-2918.13
39,002709.SZ,77.73760330578513,SMA,compare,等比前复权,compare,-24960.64,,19,0,7,6,85.71428571428571,2168.4754545454543,73.69473684210527,3.380015565289404,0.26315789473684215,63.1578947368421,-3.9228,61.11830849470007,20.600858369098713,无近期,,-1260.67,3588.17,5269.87,2707.06,3503.1,0,895.63,0,0,9150.07,0
40,601628.SH,77.68595041322314,SMA,compare,等比前复权,compare,-11944.480000000003,,35,0,10,6,60,3373.608181818182,68.57428571428571,2.6260910259269696,0.4857142857142857,71.42857142857143,-6.507599999999999,29.858582725913774,39.91416309012876,无近期,,10737.69,11257.13,1870.25,1359.87,-1821.25,-3822.12,-2632.25,4225.54,21086.72,-5151.89,0
41,600989.SH,77.1590909090909,EMA,compare,前复权,compare,11736,,35,0,7,5,71.42857142857143,2195,71.42857142857143,1.7069527758766456,0.5142857142857142,74.28571428571429,-6.7395,42.72862904364786,27.896995708154503,无近期,,,,,0,-828,9030,-6124,2265,2717,7035,3465
42,600219.SH,76.70454545454545,SMA,compare,等比前复权,compare,-22128.760000000002,,37,0,10,7,70,2208.1927272727276,72.96756756756757,2.0734778477516294,0.40540540540540543,70.27027027027027,-6.6356,52.839073664526005,27.467811158798284,无近期,,2422.81,4315.87,-398.35,1094.44,-3242.96,2749.98,670.64,-3621.14,12900.66,7398.17,0
43,600438.SH,76.65289256198346,SMA,compare,前复权,compare,-13118,,13,0,6,5,83.33333333333334,1277.7272727272727,69.23076923076923,2.7270828213320226,0.6923076923076923,84.61538461538461,-3.6900000000000004,47.48912547527755,28.32618025751073,无近期,,642,0,8415,0,5562,2046,-3690,0,0,1080,0
44,600025.SH,76.01239669421487,EMA,compare,等比前复权,compare,18214.479999999992,,44,0,8,4,50,2692.3149999999996,77.26818181818182,2.1692987286884193,0.5454545454545454,75,-5.5471,18.136152579304074,59.227467811158796,无近期,,,0,0,-1506.37,4948.45,12675.49,-1602.37,18541.62,2090.63,-2927.22,-5297.08
44,600196.SH,76.01239669421487,SMA,compare,前复权,compare,-7684,,29,0,8,5,62.5,1678.4545454545455,75.86551724137931,2.13228259536367,0.6551724137931034,82.75862068965517,-6.3378000000000005,36.903523642429256,47.63948497854077,无近期,,1916,6009,7852,-5232,10668,0,0,0,1140,-3638,-252
46,002153.SZ,75.82644628099173,EMA,compare,前复权,compare,32711.65,,44,0,9,6,66.66666666666666,3820.5036363636364,68.175,1.7964138433424355,0.40909090909090917,70.45454545454545,-12.3193,51.28713860991697,21.888412017167383,无近期,,0,526.69,6988.23,2414.44,-7676.22,-6369.46,-3764.61,28598.47,4160,17148,0
47,000625.SZ,75.06198347107438,EMA,compare,等比前复权,compare,10538.049999999994,,39,0,9,6,66.66666666666666,2331.0109090909086,71.8025641025641,1.972113982589153,0.4102564102564103,69.23076923076923,-6.748600000000001,25.812575549332756,56.22317596566524,无近期,,26.64,-4827.27,0,18926.75,2073.51,2591.96,1836.58,-2521.61,9367.28,-1832.72,0
48,601225.SH,74.48347107438018,EMA,compare,等比前复权,compare,1604.9099999999999,,64,3,11,8,72.72727272727273,2237.639090909091,73.43749999999999,1.516418842991575,0.390625,68.75,-9.417300000000001,36.801250837969526,34.33476394849785,无近期,,8434.76,1177.28,-7238.92,3840.77,50.95,19944.53,2420.23,854.55,-8774.86,3972.43,-67.69
49,300122.SZ,74.23553719008265,EMA,compare,等比前复权,compare,21974.93,,31,0,9,6,66.66666666666666,1623.969090909091,74.18709677419353,2.042770516071487,0.4838709677419355,74.19354838709677,-6.271100000000001,71.80383361713706,34.33476394849785,无近期,,7317.44,7864.39,3020.49,-3903.59,0,2223.61,-583.48,-1275.43,2042.23,1158,0
50,002594.SZ,74.02892561983471,EMA,compare,前复权,compare,27751.46,,35,0,8,5,62.5,3071.1981818181816,68.56857142857143,2.6073696050182513,0.37142857142857144,68.57142857142857,-4.6152999999999995,25.746990572657847,48.06866952789699,无近期,,7218.32,0,-2906,7538.2,7097,0,0,-2081.34,1191,16870,-1144
51,601336.SH,73.05785123966943,EMA,compare,等比前复权,compare,15983.050000000003,,28,0,9,6,66.66666666666666,3367.1918181818182,67.86785714285716,2.9072947021350988,0.28571428571428575,64.28571428571429,-7.6918,25.44398279771264,36.48068669527897,无近期,,3732.9,-1633.47,-7073.17,3380.12,3160.33,0,957.45,-570.98,25167.48,9918.45,0
52,000725.SZ,72.87190082644629,SMA,compare,等比前复权,compare,-7104.76,,37,0,9,6,66.66666666666666,1923.7618181818182,70.26756756756757,1.804008992459298,0.5135135135135136,75.67567567567568,-5.560099999999999,73.26110582116436,48.06866952789699,无近期,,7539.99,6696.96,0,5169.93,6292.45,-3743.61,0,233.98,4708.54,-3404.89,-2331.97
53,000338.SZ,72.72727272727272,EMA,compare,等比前复权,compare,7638.320000000003,,52,1,11,8,72.72727272727273,1609.4118181818185,73.07307692307691,1.5850965629952296,0.48076923076923084,71.15384615384616,-6.0675,65.4035291258923,27.467811158798284,无近期,,5473.07,6329.47,3217.32,3853.56,645,-637.36,-2200.11,1776.25,768.68,2660.63,-4182.98
54,000425.SZ,72.69628099173553,SMA,compare,前复权,compare,-31094,,32,0,8,5,62.5,2841.7272727272725,71.884375,2.391081838814472,0.3125,65.625,-7.0052,32.446893447273084,27.896995708154503,无近期,,243,6493,-924,-548,0,-295,0,4080,3288,18922,0
55,002493.SZ,72.4896694214876,EMA,compare,前复权,compare,9084.919999999998,,52,1,11,6,54.54545454545454,2990.7981818181815,73.08461538461539,1.81149124074952,0.4230769230769231,71.15384615384616,-8.0371,46.33219148338393,21.45922746781116,无近期,,3592.01,-1650.22,-1866.67,10446.66,14130,8427,-6127,-2501,-4052,9119,3381
56,601398.SH,72.27272727272727,EMA,compare,前复权,compare,1445.8999999999942,,55,2,11,7,63.63636363636363,4040.326363636363,67.27090909090909,2.1701279717506954,0.32727272727272727,63.63636363636363,-9.669,23.654038658393432,64.8068669527897,无近期,,11161,4016,-3542,7573.4,-9669,-1420,-4813.85,13402.65,16454.76,10328,952.63
57,601288.SH,71.82851239669422,SMA,compare,等比前复权,compare,-1395.6100000000042,,40,0,10,6,60,3096.1463636363637,70,2.432904161183159,0.325,55.00000000000001,-5.7777,26.372693802296542,46.78111587982833,无近期,,2482.67,11445.77,5548.18,-3630.57,-5464.26,-2791.66,-2993.78,14628.38,10286.31,4546.57,0
58,600795.SH,71.39462809917356,EMA,compare,等比前复权,compare,5835.130000000001,,42,0,9,6,66.66666666666666,2141.0045454545457,69.05,1.915840178820031,0.42857142857142855,69.04761904761905,-5.7812,19.562986483354244,48.927038626609445,无近期,,0,3731.05,0,357.37,-4183.91,13511.55,1443.72,2911.47,-190.12,8051.36,-2081.44
59,002064.SZ,70.82644628099173,SMA,compare,前复权,compare,-20366,,38,0,8,6,75,2279.4545454545455,65.78421052631579,1.8648294415893492,0.368421052631579,68.42105263157895,-8.442,48.59730491331242,28.75536480686695,无近期,,5451,-1673,0,13136,0,3766,0,-8442,2031,9881,924
60,300014.SZ,70.68181818181817,EMA,compare,前复权,compare,20354.68,,25,0,8,5,62.5,2311.568181818182,68.004,2.0883387492210024,0.43999999999999995,72,-10.3632,36.678414715705024,27.038626609442062,无近期,,0,19816.15,-505.03,39.46,0,2650,7714,0,3888,-4993,-3182.33
61,600803.SH,70.6198347107438,EMA,compare,前复权,compare,26929.600000000002,,62,1,11,8,72.72727272727273,2851.490909090909,66.1241935483871,1.6505527325521103,0.35483870967741926,67.74193548387096,-12.831999999999999,29.916277714568167,38.197424892703864,无近期,,14582.4,-12832,5890,16083,-4200,3960,-5330,2343,1936,7678,1256
62,600875.SH,69.70041322314049,EMA,compare,前复权,compare,36512,,37,0,9,5,55.55555555555556,3577.4545454545455,64.86756756756756,2.339779381724091,0.40540540540540543,70.27027027027027,-6.105300000000001,49.08758177100194,21.030042918454935,无近期,,0,-1319,-1482,-2124,5188,3143,12533,-5587,3803,25197,0
63,603806.SH,69.52479338842976,EMA,compare,等比前复权,compare,15695.8,,30,1,11,6,54.54545454545454,1875.1354545454544,73.33333333333333,2.141238933548452,0.4666666666666666,73.33333333333333,-5.103,48.37183393401254,30.90128755364807,无近期,,3458.94,3655.92,4737.14,1663.14,4327.16,15655.15,-751.24,-1798.66,-3128.71,-2089.35,-5103
63,000933.SZ,69.52479338842976,SMA,compare,前复权,compare,-28865,,13,0,6,4,66.66666666666666,1220.4545454545455,69.23846153846155,2.567242586971749,0.5384615384615384,76.92307692307693,-5.994,48.551033465467405,22.317596566523605,无近期,,0,6912,5156,-2661,0,0,0,213,0,3805,0
65,601601.SH,69.31818181818183,EMA,compare,前复权,compare,8832,,47,0,9,6,66.66666666666666,2023.3636363636363,70.21063829787234,1.6924369225025666,0.4042553191489362,70.2127659574468,-4.3636,29.454037089663416,30.472103004291846,无近期,,10210,2730,-3171,9852,2498,0,0,2012,2544,-686,-3732
66,600941.SH,68.4400826446281,SMA,compare,等比前复权,compare,-3117.7800000000007,,26,0,3,2,66.66666666666666,1658.316,69.23461538461537,1.960622002972842,0.4230769230769231,65.38461538461539,-3.0956,18.093918498842054,72.53218884120172,无近期,,,,,,,,0,1518.09,7471.38,-697.89,0
67,002841.SZ,68.23347107438018,EMA,compare,前复权,compare,25332,,30,0,8,5,62.5,3121.8,66.66,1.9938240162995033,0.3333333333333333,66.66666666666666,-7.452,59.54538192457923,28.32618025751073,无近期,,,0,8761,15602,10099,6137,0,-2185,7420,-7452,-7164
68,600547.SH,67.25206611570248,EMA,compare,前复权,compare,21505.810000000005,,36,1,11,6,54.54545454545454,3274.527272727273,66.66111111111111,2.071199154931588,0.38888888888888884,69.44444444444444,-10.2782,56.502680601399014,22.317596566523605,无近期,,1458.67,-2851.53,-6417.86,20057.66,10832.86,-1430,-7923,1607,3284,21566,-4164
69,600406.SH,66.69421487603306,EMA,compare,等比前复权,compare,13303.359999999997,,68,2,11,6,54.54545454545454,3011.4663636363634,66.17205882352943,1.6831508875709138,0.47058823529411764,72.05882352941177,-8.8411,28.002438356877306,43.34763948497854,无近期,,9722.06,1937.09,-6223.33,22550.28,-1685.7,3871.04,-2285.15,-4040.39,3956.94,-1861.84,7185.13
70,600674.SH,65.59917355371901,EMA,compare,等比前复权,compare,11760.670000000002,,78,1,11,6,54.54545454545454,2070.016363636364,74.36538461538461,1.4269706828907995,0.44871794871794873,70.51282051282051,-7.2755,20.56114192126661,64.37768240343348,无近期,,-450.05,7099.48,-3191.29,2703.34,2822.61,3505.27,-272.09,6459.6,8767.27,-1032.28,-3641.68
71,601162.SH,65.24793388429751,SMA,compare,等比前复权,compare,-1992.630000000001,,13,0,3,2,66.66666666666666,1389.8155555555556,76.92307692307692,2.367520414399463,0.23076923076923078,61.53846153846154,-3.3335999999999997,29.679533220511583,48.927038626609445,无近期,,,,0,0,12540.34,0,0,-856,0,824,0
72,002179.SZ,65.10330578512396,EMA,compare,等比前复权,compare,9435.880000000001,,70,1,11,7,63.63636363636363,2387.660909090909,67.14571428571428,1.5232676798265885,0.3857142857142857,68.57142857142857,-8.661000000000001,46.202054656698095,30.472103004291846,无近期,,3981.07,8211.31,3561.14,18852.41,-1815.11,1159.13,3134.29,-4601.42,385.54,-3783.09,-2821
73,688599.SH,64.89669421487604,EMA,compare,前复权,compare,15106,,11,0,5,3,60,1964,63.63636363636363,2.382681283314895,0.45454545454545453,72.72727272727273,-6.7204,42.08109268030943,32.18884120171674,无近期,,,,,,0,0,8221,-1043,-1672,7917,325
74,601100.SH,64.77272727272727,SMA,compare,等比前复权,compare,-2259.100000000002,,37,0,9,5,55.55555555555556,2611.514545454546,70.27027027027027,1.7779182026673268,0.2972972972972973,64.86486486486487,-8.5242,46.752638618021386,37.76824034334764,无近期,,1359.51,6869.57,-5226.17,13603,0,-8524.17,-464.84,-2384.79,0,20624.38,2870.17
75,601888.SH,64.52479338842976,EMA,compare,等比前复权,compare,9239.779999999999,,33,0,9,6,66.66666666666666,1434.0090909090907,69.68181818181819,1.6877717452914922,0.393939393939394,69.6969696969697,-6.0077,33.581671600854335,32.18884120171674,无近期,,-3166.95,10293.56,1769.45,5015.07,3691.87,-6007.72,-3371.82,1644.12,0,5906.52,0
76,601966.SH,64.41115702479338,SMA,compare,前复权,compare,-16736.8,,23,0,7,5,71.42857142857143,1222.4545454545455,69.56956521739131,2.4535725867473785,0.30434782608695654,65.21739130434783,-3.9050000000000002,23.452710878034438,63.94849785407726,无近期,,0,0,0,3630,1343,-3905,0,9635,3238,-560,66
77,002271.SZ,63.49173553719009,EMA,compare,前复权,compare,12260.29,,23,0,7,5,71.42857142857143,1290.3472727272726,69.5608695652174,1.5455911074517528,0.391304347826087,69.56521739130434,-6.194999999999999,44.96947309088661,31.759656652360512,无近期,,0,3269.82,0,11206,0,-1348,629,2835,-5070,2672,0
78,600132.SH,63.4297520661157,SMA,compare,等比前复权,compare,-1853.569999999998,,36,0,9,6,66.66666666666666,1174.1018181818179,72.22222222222223,1.5723503504976277,0.41666666666666663,69.44444444444444,-6.291099999999999,27.08802510102064,63.94849785407726,无近期,,8185.51,941.6,-4481.9,7728.86,3962.07,1255.27,0,1348.96,-5095.56,0,-929.69
79,300033.SZ,63.21280991735537,EMA,compare,等比前复权,compare,13534.070000000003,,44,0,10,6,60,2837.2136363636364,68.18181818181819,1.663035158166178,0.2727272727272727,63.63636363636363,-9.4597,43.10225198665653,35.1931330472103,无近期,,4636.9,882.96,-4140.38,27373.79,4608.78,-9217.72,1957.87,-481.41,0,14972.83,-9384.27
80,000157.SZ,63.16115702479339,EMA,compare,前复权,compare,20619,,35,0,8,5,62.5,2501.909090909091,68.55428571428571,1.7390171858216972,0.22857142857142854,60,-8.5261,28.39349626945597,36.48068669527897,无近期,,5609,3468,-4020,0,25228,0,0,1785,-1771,1224,-4002
81,600570.SH,62.29338842975206,EMA,compare,等比前复权,compare,6404.93,,29,0,9,6,66.66666666666666,1839.5227272727273,62.0551724137931,1.7171816662921515,0.4482758620689656,72.41379310344827,-8.4828,30.944206403866474,31.330472103004293,无近期,,2634.47,0,6677.39,4908.57,-117.25,3562.51,844.92,-4185.96,0,9819.66,-3909.56
82,600690.SH,61.92148760330578,EMA,compare,前复权,compare,27804.6,,34,1,11,8,72.72727272727273,2404.2363636363634,61.75,1.8199224926368005,0.23529411764705882,61.76470588235294,-6.6979999999999995,20.572584597369804,57.93991416309014,无近期,,3565,880,4413.6,11919,5094,-4162,-4252,-3692,10851,710,1120
83,601229.SH,61.57024793388429,SMA,compare,前复权,compare,-6849,,41,0,8,4,50,1956.2581818181818,65.86829268292682,1.8749903936977779,0.5365853658536585,73.17073170731707,-5.1191,20.853069341848645,60.51502145922747,无近期,,0,0,6087.69,15391.15,-2255,-4490,0,6921,2268,-2300,-104
84,601138.SH,61.46694214876033,EMA,compare,前复权,compare,13785,,20,0,8,4,50,1894.3333333333333,64.995,2.2683380449337895,0.49999999999999994,75,-7.171900000000001,67.41999551822124,23.605150214592275,无近期,,,,0,18533,2816,-6886,-1050,6577,-1752,2184,-3373
85,601857.SH,61.22933884297521,EMA,compare,等比前复权,compare,3638.800000000003,,46,0,9,6,66.66666666666666,2541.966363636364,60.869565217391305,1.8598564836810536,0.30434782608695654,63.04347826086957,-6.4449000000000005,33.35496761706506,41.201716738197426,无近期,,3381.51,-1177.89,-157.8,0,0,4473.51,1289.48,12921.6,6333.99,-1999.77,2897
86,600340.SH,60.53719008264462,SMA,compare,前复权,compare,-21569.9,,20,0,5,4,80,1274.4454545454546,65,1.9597535937103137,0.3,65,-5.675,35.285283821462784,25.75107296137339,无近期,,-1743.86,333.84,0,6546.92,1736,0,0,0,0,7146,0
87,601919.SH,60.37190082644628,SMA,compare,前复权,compare,-15887,,30,0,6,4,66.66666666666666,1372.2857142857142,70.02666666666667,1.3147547429470166,0.4,70,-10.328,20.764019874454558,43.776824034334766,无近期,,,,,,0,5704,-3015,7078,4026,-5675,1488
88,000001.SZ,60.22727272727273,SMA,compare,前复权,compare,-12722.1,,26,0,7,5,71.42857142857143,1456.7272727272727,65.38846153846154,1.9411488311993421,0.3076923076923077,65.38461538461539,-5.821,16.819017923895988,72.96137339055794,无近期,,5461,10692,-4225,1350,1680,0,0,0,5350,-4284,0
89,600104.SH,59.462809917355365,SMA,compare,等比前复权,compare,-26868.720000000005,,30,0,9,5,55.55555555555556,2514.7800000000007,63.34000000000001,2.1812498558804614,0.26666666666666666,60,-5.7395000000000005,23.306780800665784,50.64377682403433,无近期,,8969.23,7241.61,624.28,-977.5,13840.03,3608.05,0,-3104.43,-793.1,-1745.59,0
90,601009.SH,58.86363636363636,SMA,compare,等比前复权,compare,-9594.500000000005,,56,0,10,6,60,1555.5500000000002,73.21071428571429,1.444733262187309,0.3214285714285714,66.07142857142857,-8.3229,18.272492414314957,56.65236051502146,无近期,,9593.84,-4267.61,-1706.99,6666.32,-8322.85,2443.88,1719.6,0,4661.28,7250.72,-927.14
90,600809.SH,58.86363636363636,EMA,compare,等比前复权,compare,14949.509999999998,,36,0,8,6,75,1015.3081818181818,69.44166666666666,1.4715691879480446,0.33333333333333337,66.66666666666666,-6.8770999999999995,40.76809770087242,33.047210300429185,无近期,,2404.93,0,3797.17,0,3490.32,5135.7,-1672.45,527.67,-3071.54,556.59,0
92,600256.SH,58.099173553719005,SMA,compare,等比前复权,compare,-34868.13,,28,0,9,6,66.66666666666666,1613.6254545454542,64.28928571428573,1.5389614037261161,0.3571428571428572,67.85714285714286,-6.2514,39.23132196196008,37.33905579399141,无近期,,0,-3730.29,10.23,1984.81,3362.01,9653.07,1785.87,-2583.78,-6251.43,0,13519.39
93,002304.SZ,57.92355371900827,EMA,compare,前复权,compare,37056,,29,0,10,6,60,2135.5454545454545,62.06896551724138,1.8449392130062585,0.34482758620689646,65.51724137931035,-8.55,28.78704037577513,46.3519313304721,无近期,,7928,9042,162,9040,7410,2580,-3321,-5328,-1866,-2156,0
94,002236.SZ,57.72727272727273,SMA,compare,前复权,compare,-1843.6399999999994,,27,0,10,6,60,2501.909090909091,62.95555555555556,2.0630794190358466,0.18518518518518517,59.25925925925925,-5.4666,25.445299139499156,47.63948497854077,无近期,,-1836,3276,5798,5567,-1595,1300,0,-2850,4000,16606,-2745
95,002311.SZ,57.37603305785124,EMA,compare,等比前复权,compare,3345.2999999999975,,63,1,11,5,45.45454545454545,1392.49,71.42380952380951,1.456229366400309,0.5555555555555556,77.77777777777779,-6.5329,28.46956606906219,41.63090128755365,无近期,,1843.08,9362.32,-4029.63,9450.63,7176.63,-1427.01,-6532.92,-5804.79,-1499.28,9838.06,-3059.7
96,002142.SZ,56.98347107438016,EMA,compare,等比前复权,compare,17981.41999999999,,58,3,11,6,54.54545454545454,1701.7599999999993,68.96724137931035,1.4769761936915704,0.3793103448275862,67.24137931034483,-6.6719,24.984097549344824,54.077253218884124,无近期,,8697.72,7208.59,-2803.3,5509.18,3782.28,-465.96,-4008.06,-2237.03,-3590.87,1851.37,4775.44
97,603899.SH,56.5805785123967,EMA,compare,前复权,compare,4582,,34,0,9,4,44.44444444444444,1632.8181818181818,70.59705882352942,1.5978231926507789,0.4117647058823529,70.58823529411765,-7.088800000000001,20.199618360545365,65.23605150214593,无近期,,1250,14936,-2869,10811,-2978,510,0,-837,-2376,-486,0
98,688363.SH,56.47727272727272,EMA,compare,前复权,compare,2053,,8,0,4,3,75,527.125,75.0125,1.5055142651642293,0.25,62.5,-4.1771,40.41594190159554,32.61802575107296,无近期,,,,,0,0,5496,-4065,0,1752,1034,0
99,002415.SZ,56.07438016528925,EMA,compare,等比前复权,compare,7057.9400000000005,,40,0,10,7,70,971.2872727272727,72.4975,1.3363968794020762,0.3,65,-5.9939,32.20149213193865,39.91416309012876,无近期,,3412.47,3602.45,-3642.89,5194.7,1877.07,0,481.66,-2101.91,-3884.9,1285.41,4460.1
100,000063.SZ,55.537190082644614,EMA,compare,等比前复权,compare,5073.760000000006,,37,1,11,6,54.54545454545454,2349.034545454546,64.86216216216216,1.6200858397937155,0.2972972972972973,64.86486486486487,-10.0674,52.17192562149165,31.759656652360512,无近期,,4125.99,6223.19,-8307.6,9920.62,-2768.28,-130.4,294.95,3412.56,-3672.5,16788.27,-47.42
101,600016.SH,54.81404958677686,SMA,compare,前复权,compare,-5241.16,,32,0,8,5,62.5,1408.0381818181818,62.51562500000001,1.550414043137815,0.40625,62.5,-6.72,17.18370581508729,66.52360515021459,无近期,,1900.42,5795,-2620,987,-5694,0,0,-4015,7228,11907,0
102,002202.SZ,54.52479338842975,SMA,compare,前复权,compare,-9318.130000000001,,27,0,10,6,60,1591.138181818182,59.25185185185186,1.7718760060506367,0.4444444444444444,70.37037037037037,-6.027,71.22402398050795,17.59656652360515,无近期,,4658.82,-1927.52,-4093.78,-3263,3661,646,2660,0,18299,2889,-6027
103,600887.SH,54.31818181818181,EMA,compare,等比前复权,compare,19794.58,,48,0,10,6,60,2173.748181818182,62.50625,1.6281150975498466,0.2708333333333333,62.5,-9.459,22.58681099690582,62.231759656652365,无近期,,12657.14,6645.88,-6872.32,11381.64,-861.7,6607.75,-9458.98,0,6658.18,204.82,-3051.18
104,600919.SH,54.049586776859506,EMA,compare,等比前复权,compare,720.3500000000004,,65,0,8,5,62.5,1471.0172727272727,61.5323076923077,1.3791069337963502,0.47692307692307695,70.76923076923077,-7.4707,17.766487192407087,63.94849785407726,无近期,,0,0,0,1837.55,-7470.67,6009.34,6981.11,-6352.09,11994.12,-1105.93,4287.76
105,300750.SZ,53.89462809917356,SMA,compare,前复权,compare,-2557.4299999999985,,21,0,5,3,60,1852.7111111111108,57.15238095238095,2.229675516224189,0.3333333333333333,66.66666666666666,-3.7310000000000003,38.94822767538463,37.76824034334764,无近期,,,,0,0,0,0,-1857.78,-2518.22,17668.6,1744.7,1637.1
106,002007.SZ,53.34710743801653,SMA,compare,等比前复权,compare,-13450.469999999998,,35,0,8,6,75,1335.9027272727271,59.98285714285714,1.7994478098725066,0.2571428571428571,62.857142857142854,-3.9530999999999996,27.29751707888025,66.95278969957081,无近期,,5765.61,-2814.47,9683.05,899.02,70.34,-67.61,0,867.88,0,291.11,0
107,000858.SZ,53.23347107438017,EMA,compare,等比前复权,compare,7868.000000000002,,34,0,9,5,55.55555555555556,1161.9072727272728,67.65294117647058,1.4835763136905922,0.4117647058823529,70.58823529411765,-6.843000000000001,27.959450593806846,51.072961373390555,无近期,,8602.41,4993.7,-6842.97,0,-134.21,-1300.86,2114.49,6261.64,486.76,-1399.98,0
108,601658.SH,52.85123966942149,SMA,compare,前复权,compare,-13040,,30,0,5,3,60,2043.75,56.69333333333334,1.659753046566056,0.36666666666666664,66.66666666666666,-6.976,17.568604462425377,71.24463519313305,无近期,,,,,0,0,-6976,-2238,16581,4256,4727,0
109,002074.SZ,52.64462809917355,SMA,compare,等比前复权,compare,-15872.050000000001,,18,0,7,4,57.14285714285714,539.829090909091,72.21666666666665,1.3442991178745496,0.4444444444444445,72.22222222222221,-7.332800000000001,35.31245490725694,31.759656652360512,无近期,,-1525.86,-3260.17,0,0,4844.1,1807.91,-4454.76,0,4003.78,4523.12,0
110,000768.SZ,52.39669421487603,EMA,compare,前复权,compare,14903,,50,0,10,5,50,1680,64.006,1.4438253518420674,0.43999999999999995,72,-6.1306,30.15806969491032,41.63090128755365,无近期,,943,483,-3108,-766,19684,0,1975,-399,-1467,-786,1921
111,601995.SH,52.086776859504134,EMA,compare,等比前复权,compare,8366.740000000002,,25,0,4,3,75,219.19857142857148,71.984,1.0860594938363075,0.36,68,-5.827800000000001,34.998510094048015,63.0901287553648,无近期,,,,,,0,0,0,1037.83,909.96,1899.34,-2312.74
112,002532.SZ,52.04545454545454,SMA,compare,等比前复权,compare,-19136.18,,24,0,7,4,57.14285714285714,765.5536363636364,74.99166666666666,1.3352544936998627,0.33333333333333337,66.66666666666666,-7.056,51.97753186823141,17.59656652360515,无近期,,2590.49,-7055.99,0,-3704.7,12147.01,0,-4175.71,0,728.5,7891.49,0
113,601668.SH,51.962809917355365,EMA,compare,等比前复权,compare,10136.950000000004,,63,1,11,7,63.63636363636363,1235.4663636363637,68.23968253968255,1.244552329559094,0.3174603174603175,65.07936507936508,-8.5918,17.33069428322784,75.53648068669528,无近期,,16553.59,1988.08,-6389.82,806.62,-8094.63,-5824.55,3627.48,6714.79,3199.36,1663.21,-654
114,601600.SH,51.570247933884296,EMA,compare,前复权,compare,22052,,29,0,10,5,50,608.5909090909091,72.43103448275863,1.2459947086058647,0.5862068965517241,79.3103448275862,-7.7602,46.178161335049026,27.896995708154503,无近期,,1024,2106,0,4899,-2881,-178,-6805,6790,-2814,8627.5,-4074
115,600018.SH,51.36363636363637,SMA,compare,等比前复权,compare,-17532.790000000008,,46,0,10,5,50,2046.441818181819,63.05217391304348,1.6386912974754926,0.3260869565217392,65.21739130434783,-9.6081,14.620093999921494,78.96995708154506,无近期,,-1627.09,15186.12,-955.14,5827.14,2230.95,8386.93,544.89,-2043.53,-2314.74,-2724.67,0
116,002920.SZ,51.30165289256199,SMA,compare,等比前复权,compare,-16409.73,,14,0,6,3,50,1219.701,71.4357142857143,1.7043991850067106,0.28571428571428575,64.28571428571429,-5.3253,44.203937397215114,28.75536480686695,无近期,,,0,0,1286.84,0,9388.47,-2545.01,-1526.49,0,9679.92,-4086.72
117,000333.SZ,51.09504132231405,EMA,compare,前复权,compare,5295,,37,0,8,4,50,1020,70.27837837837838,1.3123086344151869,0.45945945945945943,72.97297297297297,-6.3496,19.935782659916214,60.94420600858369,无近期,,0,0,-3365,4512,0,-3983,-2941,6061,8221,-462,3177
118,600089.SH,50.72314049586778,EMA,compare,等比前复权,compare,18639.65,,33,0,9,5,55.55555555555556,885.3845454545454,69.68787878787879,1.3346326858217223,0.3939393939393939,66.66666666666666,-6.8123000000000005,38.27494690826038,24.463519313304722,无近期,,-346.34,5439.56,-3890.06,4056.28,7953.2,0,378.92,-3254.11,-3218.65,2620.43,0
119,600926.SH,50.72314049586777,EMA,compare,前复权,compare,14163,,36,0,8,6,75,1600.7272727272727,55.5611111111111,1.67167652107572,0.19444444444444448,58.333333333333336,-10.4574,17.231010138770234,66.09442060085837,无近期,,0,0,0,5298,12753,3388,-10127,-3005,4521,134,4646
120,000786.SZ,50.650826446280995,EMA,compare,前复权,compare,8974,,32,0,9,6,66.66666666666666,1315.8181818181818,62.496874999999996,1.4514519197779234,0.3125,65.625,-11.376999999999999,44.20885861279712,40.772532188841204,无近期,,12463,3469,0,-6617,0,-3015,170,-3089,10029,668,396
121,603288.SH,50.45454545454545,EMA,compare,等比前复权,compare,19759,,34,0,10,7,70,1596.701818181818,58.81764705882353,1.7809124247263826,0.17647058823529416,58.82352941176471,-4.5493,26.43397771210602,55.793991416309005,无近期,,-1425.06,7960.77,3241.89,7086.18,-282.75,115.44,963.08,79.44,0,-1768.74,1593.47
122,600873.SH,50.04132231404959,SMA,compare,等比前复权,compare,-11663.429999999998,,57,0,10,5,50,1717.7299999999998,64.9140350877193,1.4390584575374563,0.3508771929824561,64.91228070175438,-9.3773,22.19665310641038,42.06008583690987,无近期,,0,-1779.47,-590.69,6812.71,-3921.73,15142.36,-4007.42,-1041.43,1184.33,2968.66,4127.71
123,002252.SZ,49.45247933884298,SMA,compare,等比前复权,compare,-2449.630000000001,,29,0,7,3,42.857142857142854,1713.1436363636365,65.51379310344826,1.6689921866929183,0.34482758620689646,65.51724137931035,-5.4368,32.46963252677159,63.519313304721024,无近期,,-244.27,-2708.06,0,-3045.53,17144.24,0,700.15,12089.98,-5091.93,0,0
124,601985.SH,49.31818181818181,SMA,compare,等比前复权,compare,-2197.9800000000014,,40,0,9,5,55.55555555555556,1149.627272727273,67.495,1.5996892934270766,0.3,62.5,-4.1195,14.663035528401409,68.24034334763948,无近期,,0,4490.81,-590.46,1097.36,2478.9,820.44,0,7207.39,-2298.35,-196.47,-363.72
125,600029.SH,49.07024793388429,SMA,compare,等比前复权,compare,-9923.87,,46,0,10,4,40,1134.340909090909,69.55652173913045,1.3104075430693498,0.5652173913043478,78.26086956521739,-6.949,17.226422106789954,44.63519313304721,无近期,,3525.5,5118.63,-4757.27,-1322.11,-2020,15222,-4038,-2130,4339,-1460,0
126,000877.SZ,48.71900826446281,EMA,compare,等比前复权,compare,29098.160000000003,,44,0,10,5,50,2774.0281818181825,54.556818181818194,1.6131918709999205,0.3181818181818181,65.9090909090909,-11.8971,24.657467554909257,40.343347639484975,无近期,,2078.57,37467.46,-5477.23,3575.44,-11022.22,-6256.49,-2853.2,-2515.02,4,15513,0
127,601117.SH,48.65702479338843,EMA,compare,等比前复权,compare,21832.74,,52,3,11,5,45.45454545454545,1247.0836363636363,69.23461538461537,1.3480457389266236,0.3846153846153846,69.23076923076923,-4.8117,20.640449885997512,51.931330472103,无近期,,3643.53,-51.16,-3421.18,814.59,-408.15,3249.69,-2522.05,5444.45,-783.39,-180.92,7932.51
128,601872.SH,48.59504132231405,SMA,compare,前复权,compare,-20967,,25,0,8,4,50,968.9854545454546,67.988,1.434741147914953,0.44,72,-6.4718,60.432644111623326,24.892703862660944,无近期,,8965.84,-4130,1116.67,2981.67,-3118.34,-2002,0,-1816,8661,0,0
129,600585.SH,48.40909090909091,SMA,compare,等比前复权,compare,-7298.609999999997,,33,0,9,4,44.44444444444444,1572.0345454545452,63.63636363636363,1.590521000735574,0.3939393939393939,69.6969696969697,-8.2119,21.620323032319824,49.78540772532189,无近期,,2785.56,11285.97,-3034.74,15528.65,3064.48,0,-2658.47,0,-2800.83,-3921.62,-2956.62
130,002602.SZ,47.87190082644628,SMA,compare,前复权,compare,-16943.29,,15,0,5,3,60,1002.2681818181819,66.68666666666667,1.717520264751535,0.2,60,-7.5105,49.04528809872891,37.33905579399141,无近期,,7677.08,-3206.7,-4773.43,0,0,1296,0,10032,0,0,0
131,000800.SZ,47.61363636363636,SMA,compare,等比前复权,compare,-670.2000000000035,,43,0,10,7,70,442.4272727272728,67.44883720930233,1.1201908650793515,0.3488372093023256,67.44186046511628,-5.479,19.9182581210929,66.52360515021459,无近期,,-3508.84,754.62,-5478.99,1270.62,8123.11,866.44,-2340.86,3906.27,1213.17,61.16,0
132,601898.SH,47.396694214876035,EMA,compare,等比前复权,compare,17968.37,,49,1,11,6,54.54545454545454,1618.5872727272729,61.22244897959184,1.3635498240696273,0.36734693877551017,67.3469387755102,-7.634199999999999,43.778254339780766,23.605150214592275,无近期,,4923.78,-5717.24,-2466.79,-3360.87,-2358.73,5835.25,-1133.55,3196.98,4016.82,14139.61,729.2
133,688005.SH,47.014462809917354,EMA,compare,前复权,compare,13675.29,,12,0,4,3,75,340.3125,58.324999999999996,1.277262631107798,0.5,75,-6.256,44.22394754955241,22.746781115879827,无近期,,,,,0,1563.75,0,4832.21,0,0,2087.54,-5761
134,600588.SH,46.663223140495866,EMA,compare,等比前复权,compare,11224.180000000002,,46,1,11,7,63.63636363636363,820.3454545454547,60.87391304347827,1.2251512269317177,0.4782608695652174,73.91304347826086,-5.0626,47.759445045414296,27.038626609442062,无近期,,4812.96,1259.72,586.39,-3244.14,6373.8,761.73,-3597.75,3055.09,2116,-476,-2624
135,600233.SH,46.41528925619834,SMA,compare,等比前复权,compare,-8598.240000000002,,28,0,7,3,42.857142857142854,1088.7763636363636,71.42142857142858,1.6814454458555235,0.2857142857142858,64.28571428571429,-5.6164,33.487758623654976,31.330472103004293,无近期,,0,-1713.96,0,-1480.16,3912.33,0,4946.88,-1510.62,-22.04,0,7844.11
136,600999.SH,46.40495867768595,EMA,compare,等比前复权,compare,506.3900000000067,,53,0,10,4,40,2831.5845454545456,60.379245283018875,1.5987768181392639,0.2641509433962264,58.490566037735846,-6.1,36.55341153299742,59.65665236051502,无近期,,-865.23,5903.24,-6057.91,12200.57,-1470.32,-1047.43,0,-5854.33,19904.21,-1099.58,9534.21
137,600362.SH,46.34297520661157,EMA,compare,前复权,compare,15546,,41,0,10,5,50,1400.2727272727273,63.40487804878049,1.4109110310790982,0.3658536585365854,68.29268292682927,-9.6523,67.97383879885292,20.171673819742487,无近期,,-1950,952,-3936,-349,13682,6768,0,6009,-5274,-942,443
138,601216.SH,45.196280991735534,EMA,compare,前复权,compare,27044,,43,0,7,3,42.857142857142854,2221.2727272727275,53.50697674418605,1.7479948570378987,0.3488372093023256,67.44186046511628,-7.391,23.278225604694683,41.63090128755365,无近期,,0,15702,0,0,18278,-1045,0,-4080,-4021,-1239,839
139,688111.SH,44.91735537190083,EMA,compare,前复权,compare,9957,,19,0,5,3,60,1527.625,52.642105263157895,1.9138562775742167,0.2631578947368421,63.1578947368421,-3.2567,52.73819920611168,27.467811158798284,无近期,,,,,0,0,7297,-1660,0,-1060,7341,303
140,600309.SH,44.41115702479339,EMA,compare,等比前复权,compare,4404.99,,33,0,8,4,50,1094.0945454545456,66.65454545454546,1.4495022250939809,0.33333333333333326,63.63636363636363,-7.3987,30.363451940451817,33.047210300429185,无近期,,2638.81,0,0,8366.88,-3460.95,11852.81,-7078.47,4593.29,-386.87,-4490.46,0
141,000568.SZ,44.19421487603306,EMA,compare,前复权,compare,8142,,26,0,7,4,57.14285714285714,885.7272727272727,61.52307692307693,1.4546218095282535,0.3846153846153846,69.23076923076923,-5.756,40.37202334146427,31.330472103004293,无近期,,0,0,8360,0,7768,1682,-4604,-3163,-1740,1440,0
142,600115.SH,43.65702479338843,SMA,compare,前复权,compare,-8923.7,,42,0,9,4,44.44444444444444,1778.0636363636365,61.91428571428572,1.5362029591817152,0.28571428571428575,64.28571428571429,-8.4713,24.972567660076262,36.48068669527897,无近期,,-8471.3,1241,0,-417,-1276,1784,10778,-1557,-767,18244,0
143,603833.SH,43.450413223140494,SMA,compare,前复权,compare,-6821,,25,0,7,4,57.14285714285714,198.35699999999997,68.00800000000001,1.0966087083576856,0.43999999999999995,72,-6.991,39.20981906062707,45.06437768240343,无近期,,,0,0,7158.57,5510,-6480,-6991,-2056,0,4464,378
144,002601.SZ,43.16115702479339,SMA,compare,等比前复权,compare,-2994.3400000000006,,33,1,11,6,54.54545454545454,77.01727272727273,72.72727272727275,1.0239707480987565,0.3939393939393939,69.6969696969697,-6.5906,33.65782898979358,41.201716738197426,无近期,,309.02,6906.17,-3172.22,-3721,4315.2,-3038.3,735.31,981.09,-1451.65,-2541.43,1525
145,601166.SH,43.14049586776859,SMA,compare,前复权,compare,-26278,,27,0,9,5,55.55555555555556,1308.8181818181818,62.97037037037038,1.495781535176831,0.18518518518518517,59.25925925925925,-6.555,21.822961321593684,57.93991416309014,无近期,,-813,4285,-2361,2296,7714,-4495,462,-3628,10937,0,0
146,600958.SH,42.70661157024793,EMA,compare,前复权,compare,4337.1600000000035,是,37,0,7,4,57.14285714285714,1290.7709090909093,59.45945945945946,1.438067717092733,0.2972972972972973,64.86486486486487,-10.1368,19.134403004459415,50.21459227467812,无近期,,0,-6703.12,0,-4068.75,-9078.12,1730.47,0,11015,17341,3962,0
147,002756.SZ,41.74586776859504,EMA,compare,前复权,compare,41006.46000000001,,12,0,6,3,50,1021.8463636363638,50.00833333333333,1.6753683029075488,0.5,75,-4.0577000000000005,51.222524694248165,21.888412017167383,无近期,,0,-2059.23,0,16541.54,-2442.31,0,-4057.69,0,834,2424,0
148,300274.SZ,41.46694214876033,EMA,compare,前复权,compare,7167.3,,32,0,10,7,70,562.5909090909091,56.23437499999999,1.1903346827099157,0.375,68.75,-9.7471,61.282572166236505,22.746781115879827,无近期,,2178.97,395.17,600,-4031.43,-3298.57,0,4530,-9747.14,8102.5,1447,6012
149,601186.SH,41.32231404958679,SMA,compare,前复权,compare,-4513,,32,0,9,6,66.66666666666666,553.5454545454545,65.62812500000001,1.1749662366023965,0.21875,59.375,-9.536999999999999,15.560352348002407,72.96137339055794,无近期,,3185,0,2261,9014,-9537,1872,2028,5692,-4778,-3648,0
150,000651.SZ,40.723140495867774,EMA,compare,等比前复权,compare,9450.869999999995,,37,0,10,5,50,938.8736363636361,62.156756756756764,1.299002957716467,0.4054054054054054,67.56756756756756,-8.6427,18.05768880675352,75.9656652360515,无近期,,1429.81,0,-8642.68,7414.75,-389.19,-3412.66,-2229.85,1496.27,16790.67,-3025.83,896.32
151,601788.SH,40.70247933884298,EMA,compare,前复权,compare,660,,44,0,9,5,55.55555555555556,314.65636363636366,65.91136363636363,1.097159779923647,0.40909090909090895,68.18181818181817,-8.709999999999999,21.234629538602924,63.0901287553648,无近期,,416,-1540,0,-8710,-3067,314,7645,4424,-2454,6433.22,0
152,601689.SH,40.516528925619824,SMA,compare,等比前复权,compare,-2896.7400000000007,,25,0,7,5,71.42857142857143,-82.86272727272717,64.012,0.9660954723289151,0.3600000000000001,68,-9.304,54.22461328811926,18.025751072961373,无近期,,-69.3,3063.15,0,59.1,2195.82,-9303.98,866.61,2277.11,0,0,0
153,601800.SH,39.421487603305785,EMA,compare,前复权,compare,4435,,20,0,8,3,37.5,1217.8181818181818,54.989999999999995,1.7419962335216572,0.44999999999999996,70,-5.045999999999999,18.547616972461316,59.65665236051502,无近期,,-2236,-5046,-2806,9968,0,0,-3717,13771,3913,-451,0
154,600436.SH,39.00826446280992,EMA,compare,前复权,compare,6832,,23,0,9,3,33.33333333333333,1579.4545454545455,60.87391304347827,2.1105855279979546,0.21739130434782616,60.86956521739131,-4.836,47.80064664383646,41.63090128755365,无近期,,5537,10361,-480,-160,11559,0,-1710,-4619,-2508,-606,0
155,601727.SH,38.86363636363636,SMA,compare,等比前复权,compare,-16168.100000000002,,37,0,8,5,62.5,-88.01454545454553,67.57297297297298,0.9681402754555138,0.3513513513513513,67.56756756756756,-9.636899999999999,25.08748106720695,36.48068669527897,无近期,,0,-1793.89,0,2544.23,8572.48,52.98,-5863.48,2711.07,0,880.72,-8072.27
156,601111.SH,38.03719008264463,EMA,compare,等比前复权,compare,5484.42,,64,1,11,6,54.54545454545454,193.19818181818184,67.1953125,1.0320261202503824,0.375,68.75,-10.978200000000001,19.279535904381532,41.63090128755365,无近期,,-648.56,14787.99,-4108.22,1593.54,-10743.57,6155,104,-8593,3904,8216,-8542
157,002460.SZ,37.861570247933884,SMA,compare,等比前复权,compare,-40017.369999999995,,15,0,8,5,62.5,367.0345454545455,60.006666666666675,1.2900106238628197,0.3333333333333333,66.66666666666666,-10.5448,49.97067323716002,20.600858369098713,无近期,,378.84,0,-9005.26,2651.1,4944.12,-89.29,0,0,2367.69,5107.55,-2317.37
158,600346.SH,37.56198347107438,SMA,compare,等比前复权,compare,-23958.3,,31,0,9,5,55.55555555555556,1002.2390909090907,61.296774193548394,1.3211587973080599,0.2580645161290323,61.29032258064516,-8.5092,48.65849370092552,33.047210300429185,无近期,,918.08,13933.51,430.64,0,7616.43,-8509.2,-3270.7,0,-396.68,5425.52,-5122.97
159,600660.SH,36.48760330578513,SMA,compare,等比前复权,compare,-4802.890000000001,,33,0,10,5,50,1489.4036363636365,57.57575757575758,1.5158253992242203,0.15151515151515144,54.54545454545454,-6.381100000000001,31.069918150304375,55.793991416309005,无近期,,2558.31,5666.48,-2565.68,-4583.37,-5049.63,4680.8,-3718.57,90.14,20673.68,-1368.72,0
160,688036.SH,36.41528925619835,SMA,compare,等比前复权,compare,-8797.77,,16,0,5,3,60,691.7762500000001,56.275000000000006,1.582488332782513,0.25,62.5,-4.648,51.63380438209183,27.896995708154503,无近期,,,,,0,0,-1278.25,0,8952.11,363.74,2144.61,-4648
161,300124.SZ,36.15702479338842,EMA,compare,前复权,compare,9757.689999999999,,52,0,10,4,40,721.2136363636363,65.37692307692308,1.1811929015165357,0.3846153846153846,69.23076923076923,-9.7379,37.991889531944096,30.042918454935624,无近期,,-2375.33,3033.34,-1654.67,11526.01,0,7536,-4704,-7577,13801,-3450,-8202
162,000708.SZ,36.012396694214885,EMA,compare,等比前复权,compare,12257.07,,39,0,8,3,37.5,391.75090909090903,66.66923076923077,1.126774709427186,0.4358974358974359,69.23076923076923,-7.281,28.512055020567217,42.06008583690987,无近期,,13149.26,5552.49,0,0,-2884.7,-5184.08,-4916.2,-231.59,-1775.46,599.54,0
163,688561.SH,36.01239669421488,EMA,compare,等比前复权,compare_close,3430,,19,0,5,2,40,-373.2857142857143,73.6842105263158,0.8559219232465813,0.47368421052631576,73.68421052631578,-8.5093,53.48014179250684,32.61802575107296,无近期,,,,,,0,-3640,5385,0,-568,-4366,576
164,600061.SH,35.70247933884298,EMA,compare,等比前复权,compare,17595.410000000003,,42,0,9,4,44.44444444444444,653.4454545454547,64.26904761904763,1.1809547282129416,0.3571428571428571,66.66666666666666,-7.5031,20.150153808003644,66.52360515021459,无近期,,0,-1424.99,-1328.69,5508.48,-6263.68,-7105.14,-753.55,9488.95,0,7610.64,1455.88
165,002466.SZ,35.59917355371901,EMA,compare,前复权,compare,16521.86,,20,0,9,5,55.55555555555556,1156.1318181818183,59.99499999999999,1.39142044861715,0.10000000000000003,55.00000000000001,-12.07,60.29730250991376,22.746781115879827,无近期,,-2826.35,2719.19,-4150.01,12192.62,9277,8697,-12070,0,-1898,0,776
166,600886.SH,35.37190082644628,SMA,compare,前复权,compare,-22098.4,,62,2,11,5,45.45454545454545,1250.6272727272728,61.3,1.250471104669899,0.2580645161290322,62.903225806451616,-8.7613,21.329218112416203,50.21459227467812,无近期,,1524,2036,-7785,10255,-3738,15394,-1661.1,6987,-376,-3911,-4968
167,002241.SZ,34.710743801652896,EMA,compare,前复权,compare,2032,,24,0,8,3,37.5,1074.6363636363637,54.1625,1.5375869753058347,0.41666666666666674,70.83333333333334,-5.056,38.08804958133554,27.896995708154503,无近期,,-460.5,3052.5,0,0,-552,6480,0,-945,13462,-4160,-5056
168,601766.SH,34.71074380165289,SMA,compare,前复权,compare,-13510,,31,0,8,6,75,311.72727272727275,58.07741935483871,1.1292450341110398,0.16129032258064518,58.06451612903226,-10.234,26.47547501488699,54.93562231759657,无近期,,0,2063,520,-3197,0,-10234,1888,11336,832,221,0
169,601169.SH,34.46280991735537,SMA,compare,前复权,compare,-1416.9800000000014,,36,0,9,5,55.55555555555556,750.53,61.116666666666674,1.329407441425834,0.19444444444444442,55.55555555555556,-7.141,16.329998314486875,68.6695278969957,无近期,,4791.67,1403.16,1869,0,-5924,-6412,-6889,17391,2197,-171,0
170,002371.SZ,33.925619834710744,SMA,compare,前复权,compare,-13119.349999999999,,19,0,8,3,37.5,1140.1772727272728,63.1578947368421,1.5861332343822583,0.1578947368421053,57.89473684210527,-6.6043,68.38556038673347,30.042918454935624,无近期,,-4168.89,0,0,24032.58,-2937.77,0,-5051.85,-3656.3,-1891.85,1735.03,4481
171,601688.SH,33.832644628099175,SMA,compare,前复权,compare,-8097,,24,0,9,5,55.55555555555556,243.63636363636363,62.50416666666667,1.0968838117272792,0.33333333333333326,66.66666666666666,-9.106,24.264098133371082,33.47639484978541,无近期,,-1289,-4030,-2629,516,-9106,185,966,12470,0,5597,0
172,300498.SZ,33.719008264462815,SMA,compare,等比前复权,compare,-13978.77,,24,0,8,5,62.5,343.45363636363635,62.50833333333333,1.1841819554832305,0.12499999999999994,54.166666666666664,-7.375800000000001,34.45567407595987,50.64377682403433,无近期,,0,573.01,5443.73,-2771.89,0,6080.53,-2455.56,743.16,-7375.82,3540.83,0
173,601698.SH,32.97520661157024,EMA,compare,前复权,compare,24165,,27,0,7,2,28.57142857142857,2027.625,51.851851851851855,1.5477476869048423,0.18518518518518517,59.25925925925925,-6.539200000000001,55.547726631273086,24.892703862660944,无近期,,,,,0,-1950,-6203,-1140,-24,23326,7102,-4890
174,601377.SH,32.892561983471076,EMA,compare,前复权,compare,988.0099999999984,,54,0,10,3,30,560.0681818181819,68.52407407407408,1.130456317065124,0.3148148148148148,64.81481481481481,-9.0295,14.848511899834543,54.93562231759657,无近期,,-4383.08,3309.99,-2990.77,-7793.08,-7846.16,20194.62,-3190.77,-3113,0,13214,-1241
175,688538.SH,32.861570247933884,EMA,compare,等比前复权,compare_close,178,,14,0,5,2,40,742,64.27142857142857,1.71232,0.07142857142857145,50,-2.0568,32.730895087745395,58.36909871244635,无近期,,,,,,,0,-368,-952,1296,5176,-700
176,300450.SZ,32.78925619834711,EMA,compare,等比前复权,compare,3456.729999999999,,24,0,6,4,66.66666666666666,-38.59818181818184,58.32083333333333,0.984292262039313,0.33333333333333337,66.66666666666666,-8.575199999999999,38.950186728404056,14.592274678111588,无近期,,0,261.06,-5155.15,4490.74,6846.98,0,-7352.56,0,0,484.35,0
177,000895.SZ,32.561983471074385,EMA,compare,等比前复权,compare,11865.619999999995,,64,2,11,6,54.54545454545454,874.881818181818,59.37187500000001,1.1933994939382921,0.234375,60.9375,-8.125300000000001,25.215688257464397,56.22317596566524,无近期,,6900.2,2767.08,-6261.81,9670.65,277.95,-1909.61,-1537.53,1761.88,-7182.58,8044.61,-2907.14
178,603486.SH,32.38636363636363,SMA,compare,等比前复权,compare,-2990.590000000001,,23,0,6,3,50,-9.259999999999915,60.87391304347827,0.9956272627105305,0.4782608695652174,73.91304347826086,-6.711399999999999,51.64470100163834,24.892703862660944,无近期,,,,0,0,976.16,-4770.44,0,-6711.38,8306.7,6901.24,-4785.62
179,002736.SZ,32.324380165289256,SMA,compare,等比前复权,compare,-33856.27,,32,0,8,4,50,916.3199999999998,56.259375,1.271829735867619,0.3125,65.625,-7.083100000000001,20.0054919653251,51.072961373390555,无近期,,493.13,0,0,-2926.27,-7083.05,-6066.34,-259.4,6176.55,15478.4,4266.5,0
180,002180.SZ,32.252066115702476,EMA,compare,等比前复权,compare,6475.580000000002,,32,0,10,5,50,1143.578181818182,59.3875,1.3344097195361304,0.125,56.25,-9.263,53.70798237129307,24.034334763948497,无近期,,4855.04,-2082.85,4255.54,9625.67,8754.28,0,-2142.94,-2807.38,949,-8528,-299
181,688271.SH,31.48760330578512,EMA,compare,等比前复权,compare,1805.9999999999998,,17,0,3,2,66.66666666666666,293.84799999999996,58.8235294117647,1.1083127715209744,0.1764705882352941,58.82352941176471,-3.4324,31.252886430910547,42.06008583690987,无近期,,,,,,,,0,0,1378.26,773.86,-682.88
182,002032.SZ,31.260330578512395,EMA,compare,等比前复权,compare,5247.999999999998,,59,3,11,5,45.45454545454545,-458.8700000000001,66.10677966101696,0.9095372817723598,0.4576271186440677,72.88135593220339,-12.4939,27.518230836013817,49.35622317596567,无近期,,-457.69,4239.71,3962.72,9083.38,-12493.85,1137,-3443.59,1946.83,-5727.84,-2041.73,-1252.51
183,601006.SH,30.888429752066116,SMA,compare,前复权,compare,-7090,,48,0,10,3,30,1168.5454545454545,62.49375,1.3299196632529966,0.22916666666666669,58.333333333333336,-7.404,19.123141042213195,63.0901287553648,无近期,,-1115,7774,-1655,-39,-7404,-3004,16097,11623,-5566,-3857,0
184,601211.SH,30.38223140495868,SMA,compare,等比前复权,compare,-17719.99,,55,1,11,5,45.45454545454545,646.8463636363637,61.81272727272727,1.1426913811141797,0.2727272727272727,61.81818181818181,-7.7159,26.210091902003885,38.197424892703864,无近期,,2124.36,2511.19,-1210.17,-413.6,-7266.79,-1427.41,304.54,3874.93,15686.04,-534.07,-6533.71
185,300413.SZ,30.144628099173552,SMA,compare,等比前复权,compare,-7378.340000000002,,14,0,7,3,42.857142857142854,481.4045454545456,64.28571428571429,1.443458599392861,0.14285714285714285,57.14285714285714,-4.5946,38.99977486543415,22.317596566523605,无近期,,0,0,-690.55,2520.84,2259.77,9367.18,0,-991.98,0,-3465.68,-3704.13
186,001979.SZ,30.092975206611573,EMA,compare,前复权,compare,7859,,42,0,10,5,50,-67.13454545454542,66.67619047619048,0.9826387060372391,0.2857142857142858,64.28571428571429,-8.4875,39.905959092994955,29.184549356223176,无近期,,0,2673,8841,-2084.48,-7614,3590,-2700,-2651,583,3328,-4704
187,600845.SH,29.97933884297521,SMA,compare,前复权,compare,-6692.030000000002,,10,0,6,3,50,359.8718181818183,60,1.4998617314256055,0.19999999999999996,60,-3.6616999999999997,38.554767203901235,39.05579399141631,无近期,,0,652.4,0,0,-2088.26,6805.56,-244.44,0,-3661.67,0,2495
188,002475.SZ,29.152892561983467,SMA,compare,前复权,compare,-13935.87,,31,0,10,5,50,-296.7245454545454,70.97741935483872,0.9077098341108606,0.1612903225806452,58.06451612903226,-9.0222,54.41018483499456,35.1931330472103,无近期,,6147.31,1145.83,-3888.11,0,3429,3225,-4972,1176,-375,-5365,-3787
189,688223.SH,28.956611570247937,EMA,compare,等比前复权,compare_close,2650,,9,0,3,2,66.66666666666666,-45.4,44.44444444444444,0.985559796437659,0.3333333333333333,66.66666666666666,-5.7666,43.77972407164387,24.463519313304722,无近期,,,,,,,,0,0,4461,-4779,91
190,002044.SZ,28.49173553719008,EMA,compare,等比前复权,compare,11812.45,,38,0,9,4,44.44444444444444,210.84909090909093,63.165789473684214,1.0619859150374922,0.3157894736842106,65.78947368421053,-9.748,54.623802874274396,20.600858369098713,无近期,,-5457.69,11726.84,0,4793.86,-9288.65,0,1129.38,-5800.45,-92.61,5549.15,-240.49
191,000596.SZ,28.47107438016529,EMA,compare,前复权,compare,33777,,37,0,8,3,37.5,386.27272727272725,62.15675675675675,1.1145530033430389,0.35135135135135137,67.56756756756756,-7.4129000000000005,53.17793799466188,27.038626609442062,无近期,,0,10680,-5025,4575,0,8726,-5344,-1637,-2038,-5688,0
192,601899.SH,28.45041322314049,SMA,compare,等比前复权,compare,-14308.999999999998,,41,0,10,4,40,871.7381818181817,63.41219512195122,1.1820159345942876,0.12195121951219517,56.09756097560976,-8.686399999999999,44.311327372412634,26.609442060085836,无近期,,-7716.47,8487.2,0,-3786.9,16577.62,-1411.15,-2524.27,4335.49,-8046.74,-990.47,4664.81
193,601816.SH,28.026859504132233,EMA,compare,前复权,compare,9387.759999999998,,28,0,6,3,50,1083.5657142857142,53.57142857142857,1.346029197080292,0.07142857142857145,50,-11.967,17.72345584324603,81.54506437768241,无近期,,,,,,0,552,-11063,9055.72,12103.24,-1917,-1146
194,002714.SZ,27.541322314049587,EMA,compare,等比前复权,compare,19405.000000000004,,45,0,10,5,50,95.32727272727293,55.5488888888889,1.022430032885688,0.3999999999999999,68.88888888888889,-8.465,34.64873103596566,43.34763948497854,无近期,,1270.56,1319.79,3710.55,2082.85,-980.23,-916.37,-752.15,0,-1232.94,4377.95,-7831.41
195,000069.SZ,27.334710743801654,SMA,compare,前复权,compare,-23300,,38,0,9,4,44.44444444444444,342.27272727272725,63.15526315789474,1.1249709562850598,0.23684210526315785,60.526315789473685,-6.152,38.77533685701969,36.9098712446352,无近期,,-63,3025,0,10542,-5332,-948,-4942,-176,0,640,1019
196,002410.SZ,27.16942148760331,EMA,compare,等比前复权,compare,3788.8400000000024,,46,0,10,5,50,-34.008181818181704,63.04347826086958,0.9910454056269198,0.2826086956521739,63.04347826086957,-10.2647,33.730092694031555,32.61802575107296,无近期,,-213.97,6294.12,-8965.31,3070.36,8276.34,1991.5,147.57,0,-1979.62,-5234.85,-3760.23
197,688041.SH,27.15909090909091,EMA,compare,等比前复权,compare,1862.209999999999,,14,0,2,1,50,187.58399999999983,50,1.0867237538869519,0.42857142857142855,71.42857142857143,-8.8954,60.98729238839614,19.313304721030043,无近期,,,,,,,,0,0,-4817.52,5755.44,0
198,600837.SH,26.52892561983471,SMA,compare,前复权,compare,-2064,,31,0,7,3,42.857142857142854,353.72727272727275,61.26451612903226,1.1268170262694739,0.29032258064516125,61.29032258064516,-15.451999999999998,0,100,无近期,,4551,-2112,0,11206,-15452,-29,-2381,8108,0,0,0
199,600015.SH,25.702479338842977,EMA,compare,前复权,compare,23073.84,,48,2,11,4,36.36363636363637,781.5,60.41458333333333,1.1817704332359198,0.24999999999999994,60.416666666666664,-8.6434,19.70534168824688,57.08154506437768,无近期,,2607.5,-7267,-315,-3925,-8548,-4837,-3413,19066,13962,3851,-2585
200,000963.SZ,25.681818181818176,SMA,compare,等比前复权,compare,-2621.1100000000006,,32,0,8,4,50,-436.2572727272727,65.61874999999999,0.8736308314827587,0.28125,62.5,-10.8973,41.64340739502406,48.497854077253216,无近期,,-1582.19,6810.96,-3749.17,-9446.07,0,432.92,4254.98,-2754.19,0,1233.93,0
201,603501.SH,25.661157024793386,SMA,compare,前复权,compare,-2324.120000000001,,14,0,7,4,57.14285714285714,517.134,50,1.3209650040187813,0.07142857142857142,50,-6.396,44.838960628908566,22.317596566523605,无近期,,,0,0,0,1693.34,3827.41,-3927.41,125,-5087,11831,-3291
202,601901.SH,25.55785123966942,EMA,compare,等比前复权,compare,9795.98,,52,0,10,4,40,-190.99363636363643,63.457692307692305,0.9460184381054179,0.3653846153846155,67.3076923076923,-5.6059,16.292937031916498,67.81115879828327,无近期,,-2924.23,3944.66,-2494.09,-2518.76,-1855.11,2367.49,-1282.09,2461.07,-2043.56,2243.69,0
203,600036.SH,25.27892561983471,EMA,compare,等比前复权,compare,14174.130000000001,,57,0,10,5,50,372.3872727272728,56.136842105263156,1.0970855561931134,0.26315789473684215,59.64912280701754,-9.408,20.118467453934738,67.38197424892704,无近期,,-1062.31,752.69,-7818.47,9068.34,6993.72,-8016.18,-1420.94,-4977.33,8001.11,2575.63,0
204,600383.SH,25,EMA,compare,前复权,compare,32577,,52,0,8,2,25,616.8181818181819,61.542307692307695,1.1392623304119374,0.2692307692307692,63.46153846153846,-7.7124,39.533279874056156,36.48068669527897,无近期,,9967,-2249,-2088,22164,-4760,-5805,-5644,0,0,-4800,0
205,000630.SZ,24.483471074380166,EMA,compare,等比前复权,compare,1609.1400000000003,,53,0,10,5,50,-337.4054545454546,64.14905660377357,0.9393186910746095,0.24528301886792453,62.264150943396224,-11.6484,47.36832187558135,27.467811158798284,无近期,,2924.84,-2648.92,0,1533.72,4795.59,-2433.27,-3867.7,-9194.9,-1532.95,5373.3,1338.83
206,300059.SZ,23.987603305785125,SMA,compare,前复权,compare,-27231.309999999998,,27,0,7,3,42.857142857142854,585.07,59.26296296296295,1.1820626260105955,0.1481481481481482,55.55555555555556,-10.35,26.397209881305596,44.20600858369099,无近期,,0,-3076.04,17985.56,4265.54,-5263.79,5709.5,0,-10350,0,-2835,0
207,600150.SH,23.65702479338843,SMA,compare,等比前复权,compare,-5104.64,,22,0,6,4,66.66666666666666,-4.787272727272714,50.00454545454546,0.9979711749655474,-5.551115123125783e-17,50,-6.4841,33.252785622944934,40.343347639484975,无近期,,0,0,0,0,-5607.27,0,5017.01,3199.37,44.76,2906.29,-5612.82
207,600085.SH,23.65702479338843,SMA,compare,前复权,compare,-14326,,53,0,9,5,55.55555555555556,-54.45454545454545,58.4811320754717,0.9878811176077852,0.20754716981132076,58.490566037735846,-9.184000000000001,30.074561811598453,57.5107296137339,无近期,,-1190,-361,196,-9184,-3436,9,11009,1002,1356,0,0
209,600372.SH,22.107438016528924,EMA,compare,前复权,compare,4156.799999999999,,48,0,10,3,30,-824.5454545454545,66.67291666666667,0.782874105283317,0.375,68.75,-7.23,22.660350530804475,56.65236051502146,无近期,,-2328,-225,-4609,-6795,-3370,-347,2678,667,-1271,6530,0
210,600000.SH,22.024793388429753,SMA,compare,等比前复权,compare,-119.56000000000495,,50,0,9,3,33.33333333333333,849.3090909090911,55.994,1.212761208883755,0.18000000000000005,54,-7.439500000000001,22.97911126611124,42.91845493562232,无近期,,-6453.91,-818.61,-4274.4,12749.4,-5486.9,-3005.62,0,-3235.92,4618.28,15250.08,0
211,300015.SZ,21.942148760330575,EMA,compare,等比前复权,compare,8326.5,,31,0,9,5,55.55555555555556,-665.9418181818182,58.05483870967742,0.7872073918630943,0.32258064516129037,64.51612903225806,-9.3976,31.373713429228122,47.21030042918455,无近期,,6015.09,1148.63,-4069.74,3438.26,3815.93,145.69,-1057.28,-8436.93,0,-8325.01,0
212,002120.SZ,21.78719008264463,EMA,compare,等比前复权,compare,1072.349999999999,,34,0,8,3,37.5,-22.12818181818193,58.83529411764706,0.9924563959479432,0.35294117647058826,67.64705882352942,-7.6296,18.641601339167767,60.51502145922747,无近期,,0,-2956.37,3273.95,13102.48,1078.84,0,-6232.28,0,-4327.59,-152.18,-4030.26
213,300760.SZ,21.074380165289256,SMA,compare,前复权,compare,-1385,,18,0,6,2,33.33333333333333,336.77777777777777,61.111111111111114,1.334473626131097,0.11111111111111116,55.55555555555556,-4.599,31.768520921353744,40.772532188841204,无近期,,,,0,0,3966,4951,-113,-827,-4496,-450,0
214,002459.SZ,20.950413223140497,EMA,compare,等比前复权,compare,13716.730000000001,,30,0,9,3,33.33333333333333,737.9581818181819,56.67666666666666,1.2141862216997872,0.13333333333333336,56.666666666666664,-10.2241,41.59675297492624,33.90557939914164,无近期,,7490.99,-1555.09,-2103.35,-8680.23,16466.34,0,-9053.46,-558.66,0,10416,-4305
215,002027.SZ,19.855371900826444,SMA,compare,等比前复权,compare,-10583.31,,36,0,10,6,60,-430.29181818181826,58.31944444444444,0.8571819535241874,0.1111111111111111,55.55555555555556,-7.5379000000000005,32.138745745840495,44.20600858369099,无近期,,-4603.76,1729.6,420.35,5110.2,1300.86,186.74,-5903.18,-218.25,-3341.37,585.6,0
216,002230.SZ,18.51239669421488,EMA,compare,等比前复权,compare,4549.930000000004,,38,0,8,3,37.5,-969.6072727272724,63.142105263157895,0.7694242047425758,0.3421052631578948,65.78947368421053,-11.9358,30.438470335833074,39.05579399141631,无近期,,-4007.69,6847.66,-8072.36,-4584.87,-11935.76,-931.68,0,0,1357.63,10661.39,0
217,000100.SZ,18.171487603305785,SMA,compare,等比前复权,compare,-19061.360000000004,,32,0,9,2,22.22222222222222,-325.3972727272727,62.503125000000004,0.9014138855715036,0.3125,65.625,-8.7592,49.953510524748644,47.63948497854077,无近期,,0,4517.08,-2961.87,-4943.5,9412.73,-3311.95,0,-653.95,-1662.1,-2326.28,-1649.53
218,601607.SH,17.293388429752067,SMA,compare,等比前复权,compare,-10794.120000000003,,41,0,10,5,50,-516.0645454545455,58.52439024390244,0.8567358173958405,0.2439024390243903,60.97560975609756,-9.794,18.064314516610917,86.69527896995707,无近期,,-6071.65,7914.84,-5323.43,-6611.65,-4014.06,411.47,50.8,460.42,9446.84,-1940.29,0
219,600030.SH,17.107438016528924,EMA,compare,前复权,compare,10310.61,,60,2,11,5,45.45454545454545,-692.9690909090909,61.68,0.8685574001104629,0.1833333333333334,58.333333333333336,-8.7691,19.81776795298246,53.648068669527895,无近期,,1852.17,7560.01,-2286.96,2381.73,-8094.78,-8267.83,-1624,2385,1488,-392,-2624
220,601021.SH,16.632231404958674,SMA,compare,前复权,compare,-24242,,42,0,10,5,50,37.72727272727273,47.62857142857143,1.0098941445737173,0.11904761904761912,54.761904761904766,-7.385,22.06851562025081,57.93991416309014,无近期,,0,7965,-1844,5973,389,-3627,1008,-5216,4617,-7385,-1465
221,601618.SH,16.528925619834713,EMA,compare,前复权,compare,977.2000000000007,,39,0,8,4,50,-914.0090909090908,58.987179487179496,0.7861785159822208,0.2564102564102564,61.53846153846154,-8.912,20.083897508591814,46.3519313304721,无近期,,0,5998,0,-2819,-3448.4,2624,-8912,708.3,-5283,1078,0
222,600010.SH,15.805785123966942,SMA,compare,前复权,compare,-13546.14,,27,0,8,3,37.5,-218,59.25925925925926,0.9022267670330513,0.2592592592592593,62.96296296296296,-6.1676,34.306857622059105,33.047210300429185,无近期,,-2571.43,3265.43,0,3073,0,-863,0,490,-628,-3324,-1840
223,000792.SZ,15.123966942148758,EMA,compare,前复权,compare,9402.670000000002,,25,0,7,3,42.857142857142854,140.29727272727277,52.004000000000005,1.050115280700387,0.12000000000000005,56.00000000000001,-8.229000000000001,40.12054310102219,33.047210300429185,无近期,,-3229.73,0,0,12261,3322,0,-8229,0,-2926,3193,-2848
224,600011.SH,14.617768595041325,SMA,compare,等比前复权,compare,-1728.9000000000033,,40,0,9,3,33.33333333333333,-797.5236363636362,60.00500000000001,0.7858117196154029,0.325,65,-8.602500000000001,30.07003599544279,42.91845493562232,无近期,,-2057.82,-5347.46,-1798.88,-1737.55,983.93,0,0,-4746.41,4303.23,6085.89,-4457.69
225,601998.SH,13.305785123966944,SMA,compare,等比前复权,compare,-11165.340000000002,,52,2,11,5,45.45454545454545,-137.84818181818193,51.90961538461538,0.9658405682928439,0.11538461538461536,51.92307692307693,-7.321400000000001,22.066081254560064,53.648068669527895,无近期,,4172.95,-4334.35,-4417.56,-2648.93,-7321.42,2664.1,-3367.28,2637.51,11754.08,1479.38,-2134.81
226,000733.SZ,13.18181818181818,EMA,compare,前复权,compare,10714,,29,0,9,4,44.44444444444444,-116.45454545454545,55.172413793103445,0.9671057699714968,0.034482758620689724,51.724137931034484,-8.3085,48.10245719036094,33.047210300429185,无近期,,8503,-4810,-2432,-5559,0,10520,-3430,0,1862,-6493,558
227,000408.SZ,13.026859504132233,EMA,compare,等比前复权,compare,8784.24,,29,0,9,4,44.44444444444444,-284.440909090909,55.1896551724138,0.9067335967413321,0.10344827586206895,55.172413793103445,-8.8112,47.66864860997673,26.180257510729614,无近期,,4017.09,-1241.53,2317.06,-3727.16,0,1350.67,-4888.23,-878.74,2777.99,0,-2856
228,601799.SH,11.06404958677686,EMA,compare,前复权,compare,10448,,24,0,6,3,50,-799.625,54.162499999999994,0.7870789508720544,0.08333333333333326,54.166666666666664,-13.286000000000001,29.002533980383365,41.63090128755365,无近期,,,,,0,0,8170,3483,-2112,-2964,-13286,312
229,600111.SH,10.774793388429753,EMA,compare,前复权,compare,8967,,24,0,8,3,37.5,-111.18181818181819,54.166666666666664,0.9604884825380415,0.08333333333333326,54.166666666666664,-8.5724,44.33482646323485,30.042918454935624,无近期,,-4800,0,2128,-1904,-5047,0,-4752,0,546,19295,-6689
230,600745.SH,10.206611570247933,EMA,compare,前复权,compare,5172,,23,0,9,4,44.44444444444444,-515.7272727272727,52.17391304347826,0.8062169086251068,0.13043478260869562,56.52173913043478,-10.452,61.00957778369293,26.609442060085836,无近期,,-1188,578,4505,6282,2288,-10452,0,-240,0,-3630,-3816
231,000776.SZ,9.876033057851238,EMA,compare,前复权,compare,10767,,41,0,10,4,40,-1123,58.54390243902439,0.7631346832336248,0.1707317073170731,58.536585365853654,-11.574,38.93556221173983,34.33476394849785,无近期,,1819,7727,-4323,-2790,3192,-5501,-1,-7786,0,5732,-10422
232,601878.SH,9.19421487603306,SMA,compare,等比前复权,compare,-5521.220000000002,,31,0,7,3,42.857142857142854,-301.7099999999999,41.9225806451613,0.911736854068732,0.06451612903225806,51.61290322580645,-7.6985,15.266723942118428,75.10729613733905,无近期,,,0,0,2138.93,-7698.53,-3350.24,-3791.46,569.23,14692.01,-5577.04,0
233,603993.SH,8.62603305785124,EMA,compare,前复权,compare,15628,,29,0,10,4,40,-756.6363636363636,55.186206896551724,0.8241793062655794,0.10344827586206895,55.172413793103445,-8.28,52.85750834893641,22.746781115879827,无近期,,-2135,0,2775,3184,9393,-1704,-4590,-5571,2958,-8280,-4353
234,600009.SH,7.954545454545456,EMA,compare,等比前复权,compare,4209.239999999998,,39,0,10,4,40,-762.08,51.292307692307695,0.7758800370232337,0.17948717948717946,58.97435897435898,-13.327300000000001,20.553460411974147,57.08154506437768,无近期,,-1121.82,3108.8,6878.1,1687.05,-11594.87,0,-4387.25,30.94,-136.24,-2358.16,-489.43
235,601669.SH,7.355371900826448,EMA,compare,前复权,compare,13293.539999999999,,40,0,10,4,40,-1006.0854545454546,54.99000000000001,0.7567705494505494,0.12500000000000006,55.00000000000001,-10.3188,17.673385978731687,49.35622317596567,无近期,,2992,7663.41,0,3154,-7228,794,-9491,-4336,-2202.35,-1427,-986
236,600221.SH,6.590909090909092,SMA,compare,等比前复权,compare,-11625.48,,20,0,8,3,37.5,-368.2854545454545,49.99499999999999,0.8667531485922403,-0.04999999999999999,45,-5.024,16.443856068477324,56.65236051502146,无近期,,-4616.83,-996.26,-4928.05,0,-5024,12328,0,932,0,2894,-4640
237,600050.SH,5.90909090909091,EMA,compare,等比前复权,compare,9586.079999999998,,29,0,7,2,28.57142857142857,-440.9054545454546,55.182758620689654,0.7473273788932743,0.06896551724137934,51.724137931034484,-5.6033,19.040015741551883,60.08583690987125,无近期,,0,1837.91,0,-2391.74,-1217.59,-112.39,0,250.5,-821.81,-2394.84,0
238,601633.SH,5.640495867768596,EMA,compare,前复权,compare,35467,,33,0,8,3,37.5,-529.8181818181819,42.421212121212115,0.905474008596221,0.030303030303030276,51.515151515151516,-14.549000000000001,26.11468992842973,45.493562231759654,无近期,,15900,162,-5743,19555,-5079,0,0,-14549,-3601,-12473,0
239,000166.SZ,5.516528925619834,EMA,compare,前复权,compare,4047.8999999999987,,35,0,9,3,33.33333333333333,-514.6727272727273,51.43428571428572,0.8667611189298339,-0.08571428571428569,45.714285714285715,-11.709999999999999,18.588288730961384,65.23605150214593,无近期,,-4640,-1302,0,-6828,-11710,17891,0,6764,-6391.6,652.2,-97
240,000538.SZ,5.495867768595042,SMA,compare,等比前复权,compare,-10480.490000000003,,44,0,10,4,40,-978.0527272727272,52.24318181818182,0.7046876591184643,0.06818181818181818,50,-7.1808,16.634506854344043,82.40343347639485,无近期,,0,2943.99,807.81,-6450.21,4266.91,-1969.39,-244.49,-6607.54,470.32,-2580.54,-1395.44
241,600332.SH,4.235537190082645,SMA,compare,等比前复权,compare,-107.78999999999724,,46,0,10,3,30,-1593.590909090909,52.18478260869566,0.6036395653613155,0.15217391304347822,56.52173913043478,-13.9424,21.942448233674963,70.81545064377683,无近期,,-1659.83,7944.87,-12263.47,-2582.3,2082.15,-339.91,-1527.66,1677.88,-6965.39,-3895.84,0
242,601360.SH,3.677685950413223,EMA,compare,等比前复权,compare,2683.5000000000036,,24,0,6,2,33.33333333333333,-1601.1990909090907,45.82083333333333,0.5189713805670138,0.1666666666666667,58.333333333333336,-11.837,39.281258688180266,35.622317596566525,无近期,,-5881.14,0,0,-8760.07,1580.18,0,-388.59,0,0,7673.42,-11836.99
