名次,标的,得分,建议均线,均线来源,Δ盈亏,白名单,跨年轮次,成交年,盈利年,稳定性,年等权盈亏,胜率,利润因子,策略质量,trail占比,最大回撤,年化波动,贴线率,近期,未过原因,盈亏2021,盈亏2022,盈亏2023,盈亏2024,盈亏2025,盈亏2026
1,600350.SH,99.29133858267716,EMA,compare,19273.290000000008,,42,6,6,100,10221.096666666666,85.71904761904763,5.75632499307801,0.7142857142857142,85.71428571428571,-7.2124999999999995,52.95658348533641,36.48068669527897,无近期,,2915.11,6227.73,24265.01,7462.62,3397.21,17058.9
2,600875.SH,93.22834645669292,EMA,compare,12505.099999999999,,22,5,4,80,6962.798333333333,77.25454545454546,7.672937068633669,0.5454545454545454,77.27272727272727,-9.5195,49.133171714897856,21.888412017167383,无近期,,6238,12677.64,-4301.49,3023.28,24139.36,0
3,601988.SH,93.11023622047243,EMA,compare,2615.8800000000047,,41,6,5,83.33333333333334,7185.850000000001,73.15365853658537,6.240415585930947,0.5853658536585366,73.17073170731707,-6.3081,24.638598397216906,55.36480686695279,无近期,,-1444.63,3302.66,22762.62,11082.31,3794.8,3617.34
4,601939.SH,93.07086614173227,SMA,compare,-1099.6300000000047,,37,6,5,83.33333333333334,5771.84,75.66486486486488,3.741860371212835,0.6216216216216216,78.37837837837837,-6.7167,27.88148137758691,55.793991416309005,无近期,,1600.46,-3060.45,11549.79,16302.21,2070.52,6168.51
5,601699.SH,92.04724409448819,EMA,compare,15811.950000000004,,28,6,5,83.33333333333334,6795.7283333333335,74.99285714285715,3.3173562577542413,0.5714285714285715,78.57142857142857,-18.5012,50.91596616943666,25.321888412017167,无近期,,22980.93,9901.34,-5007.24,1632.23,1830.39,9436.72
6,601328.SH,91.77165354330708,SMA,compare,-11855.7,,43,6,5,83.33333333333334,7036.133333333334,74.4093023255814,4.53429201224622,0.5116279069767442,69.76744186046511,-7.5512,22.68725085204695,57.5107296137339,无近期,,-3019.19,5779.45,23992.97,10534.56,4846.72,82.29
7,000425.SZ,91.63385826771653,SMA,compare,-12291.57,,17,4,3,75,5067.591666666666,76.47058823529412,7.326791986416526,0.6470588235294117,82.35294117647058,-5.9917,33.17619402858578,28.32618025751073,无近期,,-280.41,0,9945.69,2396.97,18343.3,0
8,002001.SZ,89.84251968503938,EMA,compare,1278.6599999999999,,35,6,5,83.33333333333334,3882.08,79.98857142857143,2.1383831304597716,0.6571428571428571,80,-14.454600000000001,42.61797332653401,45.493562231759654,无近期,,1064.97,6035.47,818.87,4361.15,14692.02,-3680
9,601877.SH,86.0236220472441,SMA,compare,-845.6400000000012,,14,4,3,75,2729.7166666666667,85.70714285714284,3.7354063117952006,0.7142857142857143,85.71428571428571,-7.807300000000001,35.644013971281375,40.343347639484975,无近期,,-3055.03,0,0,3520.95,13519.63,2392.75
10,600893.SH,80.8267716535433,SMA,compare,-16663.910000000003,,19,6,4,66.66666666666666,3179.2233333333334,78.93684210526315,2.70153434183684,0.47368421052631576,73.68421052631578,-8.6932,42.228077624186675,30.90128755364807,无近期,,5215.12,-3112.98,-198.51,7938.37,4321.87,4911.47
11,002049.SZ,80.74803149606299,EMA,compare,7166.76,,23,5,4,80,2349.7483333333334,78.26521739130435,1.917016113243456,0.5652173913043478,78.26086956521739,-10.901,49.12427572414957,31.330472103004293,无近期,,-5450.52,8127.07,0,2078.61,3777.16,5566.17
12,601288.SH,80.45275590551181,SMA,compare,-88.22999999999593,,17,5,3,60,4576.828333333333,76.47058823529412,4.5604964811194035,0.4117647058823529,58.82352941176471,-7.704,27.00613801851687,46.78111587982833,无近期,,-3523.38,-2993.78,17616.1,10845.25,5516.78,0
13,600028.SH,80.03937007874016,EMA,compare,11897.159999999998,,42,6,4,66.66666666666666,4127.461666666666,71.42857142857142,1.8253324939403406,0.5714285714285714,76.19047619047619,-14.810599999999999,26.045702158716168,39.48497854077253,无近期,,-5775.92,4520.78,5835.49,14373.2,-3375.86,9187.08
14,000625.SZ,79.35039370078741,SMA,compare,-2221.1699999999964,,7,4,3,75,1943.7766666666664,85.71428571428571,10,0.4285714285714286,71.42857142857143,-0.0791,26.072837803539194,56.22317596566524,无近期,,0,-39.53,8694.63,2405.46,602.1,0
15,601788.SH,79.21259842519684,EMA,compare,9042.509999999998,,35,5,4,80,2648.5383333333334,74.28571428571429,1.799631563931105,0.6000000000000001,77.14285714285715,-10.159500000000001,21.015355288143322,63.519313304721024,无近期,,283.2,8265.57,3378.21,-2349.28,6313.53,0
16,002129.SZ,79.0748031496063,EMA,compare,6420.41,,17,5,3,60,3957.09,70.58235294117647,2.771675330082873,0.6470588235294117,82.35294117647058,-8.3204,48.96261793311848,29.613733905579398,无近期,,-282.96,2471.01,-2871.51,0,3080,21346
17,600019.SH,78.46456692913385,SMA,compare,-16718.100000000006,,25,5,3,60,5078.956666666668,68.004,3.3729191811435646,0.52,76,-7.781599999999999,21.94027608525945,60.94420600858369,无近期,,24442.33,0,-1063.19,3997.17,4894.51,-1797.08
18,601898.SH,78.34645669291338,EMA,compare,15177.100000000002,,21,6,5,83.33333333333334,4662.415,66.65714285714287,2.3913233554108912,0.38095238095238093,66.66666666666666,-9.7511,43.15237303444609,23.605150214592275,无近期,,5835.25,-1133.55,4387.16,4016.82,14139.61,729.2
19,601318.SH,78.28740157480316,SMA,compare,-8803.229999999996,,24,5,3,60,4588.714999999999,70.82499999999999,2.5868142267704934,0.5,75,-11.7971,24.38107536572128,39.05579399141631,无近期,,-2059.52,0,4106.89,15878.96,12524.09,-2918.13
20,600958.SH,78.2283464566929,SMA,compare,-2501.770000000004,,15,5,4,80,4075.8716666666674,73.33333333333333,5.665141202414291,0.19999999999999996,60,-3.5867000000000004,18.935636530530996,50.64377682403433,无近期,,8432.83,0,-771.51,15984.19,621.93,187.79
21,600025.SH,77.24409448818898,EMA,compare,18574.979999999992,,36,6,3,50,4190.564999999999,77.77777777777777,2.2474970317642162,0.5277777777777778,75,-11.0942,18.550223165662903,59.227467811158796,无近期,,12675.49,-1602.37,20203.94,2090.63,-2927.22,-5297.08
22,600795.SH,77.10629921259843,EMA,compare,7281.620000000004,,25,6,4,66.66666666666666,3842.798333333334,71.99199999999999,2.5781577473966353,0.4,68,-9.238399999999999,19.62361936691833,48.927038626609445,无近期,,13933.95,1443.72,2863.58,-190.12,7087.1,-2081.44
23,600016.SH,77.10629921259842,EMA,compare,3294.1399999999976,,17,4,3,75,3273.498333333333,70.57647058823531,2.997940109575998,0.4117647058823529,58.82352941176471,-7.9833,17.378657907381214,66.09442060085837,无近期,,0,404.96,-1186.42,8376.47,12045.98,0
24,601398.SH,75.94488188976378,SMA,compare,-3849.7800000000025,,24,6,4,66.66666666666666,5049.298333333333,66.67083333333333,3.5144864505955096,0.375,62.5,-8.3264,23.848356524892242,65.66523605150213,无近期,,-185.22,-2261.62,6588.09,15407.61,9813.61,933.32
25,600674.SH,75.55118110236221,EMA,compare,25406.89,,44,6,4,66.66666666666666,2955,77.275,1.5687459200579972,0.4772727272727273,72.72727272727273,-14.551,20.593335192528706,63.94849785407726,无近期,,3505.27,1428.06,7433.73,9900.78,-896.16,-3641.68
26,600219.SH,75.27559055118111,SMA,compare,-10178.900000000001,,20,5,4,80,3333.9,70,2.859243843928138,0.3,65,-8.5144,53.063833675602076,27.038626609442062,无近期,,2749.98,670.64,-3621.14,12900.66,7303.26,0
27,601009.SH,74.5275590551181,SMA,compare,-50.56999999999971,,30,5,4,80,2940.1666666666665,76.67666666666668,2.389464298935277,0.26666666666666666,63.33333333333333,-7.8995999999999995,18.537541590714927,56.65236051502146,无近期,,2443.88,1719.6,0,4661.28,9743.38,-927.14
28,601377.SH,74.17322834645668,EMA,compare,486.8600000000042,,37,5,2,40,4509.871666666667,78.37837837837837,2.6527809166170897,0.48648648648648646,72.97297297297297,-7.5532,14.814640387504422,54.93562231759657,无近期,,21299.24,-3435.36,-2953.89,0,13369.93,-1220.69
29,600115.SH,73.68110236220473,SMA,compare,-10309,,22,5,3,60,5399.5,63.65,3.0831404320987654,0.4545454545454546,72.72727272727273,-7.5757,25.536459935082522,36.48068669527897,无近期,,1784,10778,-1557,-767,22159,0
30,601058.SH,73.34645669291339,EMA,compare,15145,,32,6,4,66.66666666666666,3256.515,71.884375,1.7291034408643076,0.4375,71.875,-15.5364,37.43305730018191,42.91845493562232,无近期,,16088.54,-5347.23,6457.8,5268.52,2422.32,-5350.86
31,600919.SH,73.2283464566929,SMA,compare,-296.72000000000116,,39,6,5,83.33333333333334,3830.025,64.11282051282052,1.7401257625854378,0.4358974358974359,69.23076923076923,-14.374999999999998,18.128527142565297,63.94849785407726,无近期,,418.33,6076.81,-5466.65,5507.02,10655.87,5788.77
32,600845.SH,72.9724409448819,SMA,compare,-3003.8,,7,4,3,75,1016.9266666666666,85.71428571428571,2.764935928957797,0.4285714285714286,71.42857142857143,-6.914199999999999,38.5521338394619,39.05579399141631,无近期,,5297.07,1790.79,0,-3457.1,0,2470.8
33,601088.SH,72.24409448818896,EMA,compare,3015.399999999998,,46,6,5,83.33333333333334,3646.5166666666664,63.05217391304349,1.6451442640836245,0.4565217391304348,69.56521739130434,-10.0719,26.010949465579515,49.35622317596567,无近期,,4842.27,-245.18,2173.83,5596.96,6021.3,3489.92
34,600031.SH,71.71259842519684,SMA,compare,-20560.03,,17,4,3,75,3289.565,64.71176470588236,2.187536438544083,0.4117647058823529,70.58823529411765,-10.0994,30.435765926208674,35.1931330472103,无近期,,0,0,2016.12,15669.08,2985.23,-933.04
35,600233.SH,71.5748031496063,SMA,compare,-6837.550000000001,,12,4,2,50,1876.3883333333333,75,7.254871022761996,0.6666666666666667,83.33333333333334,-3.0212,35.078951657514374,31.330472103004293,无近期,,0,4946.88,-1510.62,-22.04,0,7844.11
36,601225.SH,71.10236220472441,EMA,compare,5391.27,,33,6,5,83.33333333333334,3198.293333333333,69.70303030303032,1.8431112468229163,0.27272727272727265,63.63636363636363,-18.7028,36.53551152350764,34.33476394849785,无近期,,19944.53,2420.23,1447.12,-8774.86,3972.43,180.31
37,002555.SZ,69.7244094488189,EMA,compare,7916.16,,15,5,4,80,1205.765,73.33333333333333,1.7514926830484392,0.4666666666666666,73.33333333333333,-8.946800000000001,36.69577367496258,31.759656652360512,无近期,,-777.95,517.04,0,5326.96,1967.72,200.82
38,601838.SH,68.54330708661416,EMA,compare,5041.84,,33,6,4,66.66666666666666,1350.82,75.76060606060605,1.329782390301006,0.6363636363636364,81.81818181818183,-10.524899999999999,17.86409302078046,59.227467811158796,无近期,,237.74,-5262.45,-304.52,3413.56,342.87,9677.72
39,601985.SH,68.1496062992126,EMA,compare,9914.850000000002,,31,6,4,66.66666666666666,2391.2616666666668,70.96774193548387,1.8601830851569607,0.3548387096774194,64.51612903225806,-7.800999999999999,14.89695542778519,68.24034334763948,无近期,,8048.42,575.68,8049.12,-336.9,-3003.82,1015.07
40,600372.SH,67.83464566929133,EMA,compare,7513.79,,29,5,3,60,1774.7616666666665,75.8793103448276,1.7340485005821473,0.5172413793103448,75.86206896551724,-7.7090000000000005,24.327877511921134,56.65236051502146,无近期,,-265.38,4540.91,646.4,-1255.41,6982.05,0
41,600660.SH,67.57874015748033,SMA,compare,-10830.740000000002,,20,5,3,60,3310.8416666666667,65,2.368718740547665,0.4,65,-8.4121,31.582241323302217,55.36480686695279,无近期,,4680.8,-3718.57,90.14,21162.21,-2349.53,0
42,600061.SH,66.25984251968504,EMA,compare,7289.97,,26,5,3,60,2216.6666666666665,69.21923076923078,1.7752990876536825,0.4999999999999999,73.07692307692307,-14.9421,20.073746881711774,66.09442060085837,无近期,,-7105.14,-753.55,10999.77,0,8703.04,1455.88
43,601857.SH,66.18110236220473,EMA,compare,3781.8799999999974,,29,6,4,66.66666666666666,4017.3466666666664,62.06896551724138,2.151926258612895,0.3103448275862069,65.51724137931035,-16.0453,33.484042851616216,41.63090128755365,无近期,,4473.51,-1081.94,13481.29,6333.99,-1999.77,2897
44,601800.SH,62.20472440944882,EMA,compare,6097.19,,14,4,3,75,1298.1983333333333,71.42142857142856,1.5612936606133363,0.35714285714285715,64.28571428571429,-10.4618,18.65256955413647,60.08583690987125,无近期,,0,-4324.86,6786.19,4358.29,969.57,0
45,002236.SZ,61.45669291338582,EMA,compare,3681.239999999998,,23,5,2,40,2826.4233333333327,73.91304347826087,2.0036171202467594,0.39130434782608703,69.56521739130434,-10.4236,25.846288909318005,48.06866952789699,无近期,,-1241.38,0,-2965.04,4770.54,18718.94,-2324.52
46,002736.SZ,59.881889763779526,SMA,compare,-25872.989999999998,,24,5,3,60,3241.403333333333,62.51250000000001,1.854341218657516,0.33333333333333326,66.66666666666666,-12.1327,20.05951959749738,50.64377682403433,无近期,,-6066.34,-259.4,5649.89,15478.4,4645.87,0
47,601668.SH,59.37007874015748,SMA,compare,-3877.6699999999983,,22,5,3,60,2189.558333333333,68.18181818181819,1.9912833974829605,0.27272727272727276,59.09090909090909,-8.7969,17.499199625601605,75.53648068669528,无近期,,-2588.8,14241.76,4390.8,1492.02,-4398.43,0
48,600029.SH,58.97637795275591,SMA,compare,-6536,,26,5,2,40,1994.1666666666667,69.21923076923078,1.6470715483208047,0.6923076923076923,84.61538461538461,-13.898,17.349767972132188,44.63519313304721,无近期,,15254,-4038,-2130,4339,-1460,0
49,002493.SZ,57.44094488188976,EMA,compare,3223.3499999999995,,25,6,3,50,1129.2916666666667,76.004,1.3375993191960895,0.44,72,-15.5509,46.69064657086093,21.888412017167383,无近期,,6821.76,-6088.38,-2410.21,-3954.43,9038.03,3368.98
50,603659.SH,56.5748031496063,SMA,compare,-4418.61,,9,4,2,50,407.34666666666664,77.77777777777777,1.294634310995383,0.5555555555555556,77.77777777777779,-9.056000000000001,42.067499604641924,33.047210300429185,无近期,,2142.8,-3767.3,-4528,0,8596.58,0
51,601688.SH,56.2992125984252,SMA,compare,-2858.8499999999985,,12,4,2,50,3310.818333333333,58.324999999999996,3.3151901168380875,0.33333333333333326,66.66666666666666,-11.1651,23.76020313586988,35.622317596566525,无近期,,-4774.28,-1054.63,21092.03,0,4601.79,0
52,601989.SH,55.86614173228346,SMA,compare,-951.760000000002,,12,5,3,60,3040.538333333334,58.333333333333336,4.786387193318541,0.16666666666666669,58.333333333333336,-5.710500000000001,0,100,无近期,,812.92,-1055.4,14394.03,-1425.32,5517,0
53,000651.SZ,55.21653543307087,EMA,compare,2540.720000000001,,28,6,3,50,2261.308333333334,64.27857142857144,1.5764271487953014,0.4285714285714286,67.85714285714286,-11.5539,18.11601005385909,75.53648068669528,无近期,,-3412.66,-2229.85,1724.78,19775.88,-3043.62,753.32
54,600600.SH,55.059055118110244,SMA,compare,-10587.67,,22,5,3,60,454.99166666666673,72.72727272727273,1.1756284945402986,0.45454545454545453,72.72727272727273,-17.4537,22.308529471543476,75.9656652360515,无近期,,4469.72,-3847.86,4915.58,-3495.92,688.43,0
55,300014.SZ,54.27165354330709,EMA,compare,1301.179999999999,,22,5,3,60,825.1283333333331,68.18636363636364,1.2102550272864332,0.4545454545454546,72.72727272727273,-19.8458,36.47887847196523,26.609442060085836,无近期,,2558.23,6444.09,0,3819.72,-4690.39,-3180.88
56,601111.SH,54.23228346456693,SMA,compare,-10097,,33,6,3,50,1610.3333333333333,66.67575757575759,1.4096150585043243,0.45454545454545453,72.72727272727273,-16.2424,19.23902274037472,41.201716738197426,无近期,,-1029,7377,-7452,6730,8068,-4032
57,601607.SH,53.11023622047244,EMA,compare,413.7599999999984,,32,6,3,50,1557.765,68.75625,1.5572289120711795,0.375,68.75,-9.9276,18.354377504465464,86.26609442060087,无近期,,7414.35,1665.03,-985.64,5061.63,-3054.78,-754
58,600741.SH,52.95275590551181,SMA,compare,-18169.19,,25,5,3,60,-0.6233333333336001,72.012,0.9998312429722173,0.5599999999999999,76,-18.458199999999998,20.52216799733633,50.64377682403433,无近期,,2284.01,0,3635.97,-1794.01,5099.41,-9229.12
59,601100.SH,52.125984251968504,SMA,compare,-4172.810000000001,,26,5,2,40,2020.1250000000002,69.23076923076923,1.5066929918913237,0.3846153846153846,69.23076923076923,-17.0483,52.829254908152954,37.76824034334764,无近期,,-8524.17,-464.84,-2384.79,0,20624.38,2870.17
60,600111.SH,51.870078740157474,EMA,compare,1165.4999999999964,,14,4,2,50,1392.718333333333,64.28571428571429,1.5804145823406595,0.4285714285714286,71.42857142857143,-16.7673,44.487061443599785,30.472103004291846,无近期,,0,-4623.23,0,543.82,19109.51,-6673.79
61,002594.SZ,51.338582677165356,EMA,compare,6500.0700000000015,,14,4,2,50,2318.3733333333334,64.27142857142857,2.485124455766262,0.14285714285714285,57.14285714285714,-6.9712,29.23130720128929,47.63948497854077,无近期,,0,0,-2023.26,464.33,16608.89,-1139.72
62,601117.SH,50.944881889763785,EMA,compare,17968.78,,24,6,3,50,2199.49,62.50833333333335,1.7580131086260644,0.33333333333333326,66.66666666666666,-9.4722,20.686015062532515,51.50214592274678,无近期,,3249.69,-2522.05,5444.45,-783.39,-124.27,7932.51
63,600011.SH,50.688976377952756,EMA,compare,3200.5999999999985,,34,5,3,60,730.9366666666665,67.64411764705882,1.1180100056184734,0.4117647058823529,67.64705882352942,-16.7541,30.237707710458654,42.06008583690987,无近期,,0,1071.34,-5048.42,8267.8,-1522.43,1617.33
64,601901.SH,50.53149606299212,EMA,compare,14944.69,,30,5,3,60,724.4183333333334,66.66000000000001,1.2618073550440492,0.39999999999999997,70,-11.2118,15.863779945015565,67.38197424892704,无近期,,2367.49,-1282.09,3060.98,-2043.56,2243.69,0
65,002920.SZ,50.33464566929135,SMA,compare,-17262.53,,9,5,2,40,1818.3616666666667,66.67777777777778,1.8816876094516086,0.3333333333333333,66.66666666666666,-10.3551,46.870348009473325,29.184549356223176,无近期,,9388.47,-2545.01,-1526.49,0,9679.92,-4086.72
66,300413.SZ,49.68503937007874,EMA,compare,7088.97,,18,5,3,60,1382.3933333333334,61.099999999999994,1.5125740184330776,0.33333333333333337,66.66666666666666,-15.9863,39.00545126502737,22.317596566523605,无近期,,8985.75,-2714.97,-6974.64,0,8008.81,989.41
67,601818.SH,47.73622047244094,EMA,compare,13844.460000000003,,30,5,2,40,1860.5266666666669,60.013333333333335,1.459071539781929,0.5,73.33333333333333,-9.960099999999999,17.292465379145934,74.2489270386266,无近期,,-612.12,-1001.19,431.11,12987.33,-641.97,0
68,601238.SH,47.204724409448815,SMA,compare,-2197.379999999999,,11,6,4,66.66666666666666,963.4933333333332,63.64545454545455,1.671122271406464,0,45.45454545454545,-7.9956,40.47947416133327,53.21888412017167,无近期,,209.49,963.68,-3997.78,9951.4,310.17,-1656
69,000858.SZ,46.41732283464567,EMA,compare,5555.890000000001,,19,5,3,60,1027.0083333333334,63.16842105263158,1.3818570421129994,0.2631578947368421,63.1578947368421,-9.7318,27.93582286762839,51.50214592274678,无近期,,-1300.86,2114.49,6261.64,486.76,-1399.98,0
70,601169.SH,44.960629921259844,SMA,compare,-6590.67,,27,5,3,60,2133.1116666666667,51.859259259259254,1.9875623656428385,0.1111111111111111,48.148148148148145,-7.7613,16.235928106076905,72.53218884120172,无近期,,-3841.54,-3730.47,9682.35,8515.31,2173.02,0
71,600406.SH,44.37007874015748,SMA,compare,-6980.419999999999,,23,6,3,50,2416.45,56.53043478260871,1.673264632513146,0.1739130434782608,56.52173913043478,-9.553799999999999,28.473918395853808,43.776824034334766,无近期,,4248.99,-4776.89,-2172.62,9913.55,-676.14,7961.81
72,601966.SH,43.89763779527559,SMA,compare,-5600.08,,19,5,3,60,440.165,68.42105263157895,1.1998879835911098,0.1578947368421053,57.89473684210527,-8.4037,23.802362721330596,63.94849785407726,无近期,,-4201.86,0,4798.05,2527.74,-548.69,65.75
73,601211.SH,42.04724409448819,SMA,compare,-3178.4900000000034,,25,6,3,50,2360.9483333333337,55.996,1.5399983379611208,0.16000000000000003,56.00000000000001,-15.223,26.382779883755003,37.76824034334764,无近期,,-1427.41,304.54,4404.23,17952.11,-534.07,-6533.71
74,000661.SZ,41.59448818897638,EMA,compare,12396.38,,20,5,2,40,667.5466666666667,64.99499999999999,1.2655934919886556,0.39999999999999997,70,-11.2857,50.05956609540391,32.18884120171674,无近期,,4389.46,-2464.7,-4848.95,-1090.02,8019.49,0
75,600150.SH,41.2992125984252,SMA,compare,-5141.460000000001,,19,5,4,80,925.7683333333334,52.642105263157895,1.296423088150302,0.05263157894736842,52.63157894736842,-11.7145,38.620535247703295,40.343347639484975,无近期,,0,5017.01,3199.37,44.76,2906.29,-5612.82
76,002648.SZ,40.11811023622048,SMA,compare,-7160.1,,22,6,4,66.66666666666666,-183.52833333333334,63.631818181818176,0.956152565515116,0.2727272727272727,63.63636363636363,-25.5492,39.21475691484582,28.75536480686695,无近期,,4163.65,-4018.73,-12067.87,1875.08,1144.7,7802
77,600809.SH,39.881889763779526,EMA,compare,3905.79,,28,5,3,60,309.8500000000001,64.28214285714287,1.0823652211513497,0.21428571428571425,60.71428571428571,-13.1416,40.56927370936314,32.61802575107296,无近期,,5135.7,-1672.45,527.67,-2688.41,556.59,0
78,600000.SH,39.80314960629921,EMA,compare,1767.8700000000026,,16,5,2,40,3200.53,50.00625000000001,2.0507234838847355,0,50,-18.4944,23.24309715086293,42.91845493562232,无近期,,-2753.34,-136.87,-9247.22,17975.6,13365.01,0
78,601006.SH,39.80314960629921,EMA,compare,310.5,,38,5,2,40,1544.2283333333332,63.15263157894737,1.3341998496611605,0.2368421052631579,55.26315789473685,-12.2809,19.505062388965516,64.8068669527897,无近期,,-5190.47,6352.64,13626.98,-904.97,-4618.81,0
80,601899.SH,39.251968503937015,EMA,compare,4218.4699999999975,,36,6,2,33.33333333333333,92.53166666666637,69.44166666666666,1.0152468764211815,0.44444444444444453,72.22222222222221,-19.026899999999998,46.05663950481051,26.609442060085836,无近期,,9757.73,-3260.36,6965.05,-9513.43,-289.24,-3104.56
81,600803.SH,39.094488188976385,SMA,compare,-1598.4799999999996,,37,6,3,50,1363.6000000000001,59.47837837837839,1.3262573004736586,0.18918918918918926,59.45945945945946,-10.0138,29.650790549181117,39.91416309012876,无近期,,-1272.44,1241.19,-169.33,2475.64,6137.45,-230.91
82,002271.SZ,38.70078740157481,EMA,compare,14573.259999999998,,17,5,3,60,-205.75333333333325,64.69999999999999,0.9403908692555618,0.2941176470588235,64.70588235294117,-11.575299999999999,45.31743509453987,30.90128755364807,无近期,,-1933.58,524.17,2676.64,-4388.44,1886.69,0
83,601628.SH,38.385826771653534,SMA,compare,-5209.860000000002,,19,5,2,40,1840.1483333333338,57.90526315789473,1.5272646435472117,0.26315789473684215,57.89473684210527,-15.2447,29.873053838984042,39.48497854077253,无近期,,-3822.12,-2632.25,2730.07,21086.72,-6321.53,0
84,600754.SH,37.83464566929134,EMA,compare,10114.43,,29,6,2,33.33333333333333,-27.4383333333334,65.51724137931035,0.9941788390208369,0.5862068965517242,79.3103448275862,-15.4761,33.02251919455988,38.62660944206009,无近期,,3211.64,-2399.25,2454.14,-105.6,-3213.26,-112.3
85,002415.SZ,37.26377952755906,EMA,compare,2078.890000000001,,23,5,3,60,-234.18166666666662,65.21739130434783,0.9327024210250033,0.2173913043478261,60.86956521739131,-11.9878,32.250839482966654,39.91416309012876,无近期,,0,481.66,-2101.91,-3884.9,1285.41,2814.65
86,600588.SH,35.90551181102362,EMA,compare,980.2400000000007,,30,6,3,50,-127.4883333333333,56.66333333333334,0.9734274839152088,0.5333333333333334,76.66666666666667,-9.7401,47.714790086662354,27.038626609442062,无近期,,761.73,-3597.75,3055.09,2116,-476,-2624
87,000983.SZ,34.76377952755905,SMA,compare,-4112.909999999996,,35,6,4,66.66666666666666,-775.9450000000003,59.991428571428564,0.8604900574140883,0.37142857142857144,68.57142857142857,-20.096,33.66560839988052,40.772532188841204,无近期,,3127.51,-4650.37,-9849.04,4017.12,2300.84,398.27
88,300059.SZ,33.12992125984252,EMA,compare,5987.58,,14,4,2,50,-240.59499999999994,64.29285714285716,0.9204765994390939,0.2857142857142857,64.28571428571429,-16.6078,26.417395001106403,44.20600858369099,无近期,,6267.92,-1640.13,-6648.48,0,577.12,0
89,601600.SH,33.11023622047244,EMA,compare,5779.5,,22,6,2,33.33333333333333,-388.15999999999985,68.2,0.9071240543259839,0.4545454545454545,72.72727272727273,-22.4281,45.5305750493147,28.32618025751073,无近期,,-160.08,-6120.15,8371.36,-2654.96,2243.72,-4008.85
90,000768.SZ,33.031496062992126,EMA,compare,6071.550000000001,,20,5,2,40,205.01,60,1.0699804291923627,0.3999999999999999,70,-10.944099999999999,30.39034774333329,41.63090128755365,无近期,,0,1927.96,-392.58,-1444.15,-768.53,1907.36
91,600900.SH,32.55905511811024,EMA,compare,277.3600000000006,,45,6,2,33.33333333333333,950.025,59.97555555555556,1.1787524162300413,0.31111111111111106,60,-14.5541,19.875043152838394,79.39914163090128,无近期,,-3959.93,-2077.45,1136.3,13569.74,-2624.78,-343.73
92,600015.SH,32.24409448818897,SMA,compare,-2740.159999999999,,24,6,2,33.33333333333333,733.5649999999999,58.333333333333336,1.2271019386316682,0.3749999999999999,66.66666666666666,-14.601,19.28444686945149,59.227467811158796,无近期,,-3477.25,-2212.81,12900.83,4776.41,-3964.93,-3620.86
92,601888.SH,32.24409448818897,EMA,compare,450.7399999999993,,16,4,2,50,-304.8166666666668,62.475,0.8609758674660422,0.375,68.75,-12.0154,33.69012371291722,31.759656652360512,无近期,,-6007.72,-3371.82,1644.12,0,5906.52,0
94,002601.SZ,31.417322834645667,EMA,compare,1549.5799999999986,,26,5,3,60,-317.5650000000001,57.69230769230769,0.9196729058839253,0.30769230769230765,65.38461538461539,-14.749300000000002,33.305291416220605,41.63090128755365,无近期,,3897.02,0,-4328.64,2554.08,-5577.85,1550
95,603288.SH,31.299212598425196,EMA,compare,13370.73,,17,5,4,80,0.6783333333333511,47.05294117647059,1.0002539664315033,-0.17647058823529416,41.17647058823529,-9.123299999999999,26.946949425344872,56.22317596566524,无近期,,115.44,963.08,79.44,0,-1315.34,161.45
96,300496.SZ,29.409448818897634,EMA,compare,634.6100000000001,,10,5,3,60,-356.9199999999999,60.010000000000005,0.7684570398025281,0.2,60,-13.9291,47.40703155514193,32.61802575107296,无近期,,950.72,-6393.28,2508.54,2187.8,-1395.3,0
97,601390.SH,28.83858267716535,EMA,compare,9846.420000000002,,29,6,3,50,15.830000000000231,58.61724137931034,1.003231182647549,0.17241379310344823,58.620689655172406,-13.800799999999999,19.38773978233647,54.506437768240346,无近期,,9123.36,-4811.45,178.31,2436.42,-2023.73,-4807.93
98,002142.SZ,28.818897637795278,EMA,compare,1472.7599999999975,,34,6,2,33.33333333333333,-591.4166666666665,67.6470588235294,0.8692897851173427,0.3823529411764706,67.64705882352942,-13.028200000000002,24.982295251277527,54.506437768240346,无近期,,-465.96,-4008.06,-2237.03,-3590.87,1977.98,4775.44
98,000400.SZ,28.818897637795278,SMA,compare,-794.5800000000017,,20,4,2,50,-1588,70.01,0.6816738981617069,0.30000000000000004,65,-18.3803,35.46682272718294,30.90128755364807,无近期,,1348.89,-7496.49,1307.3,-4687.7,0,0
100,601229.SH,28.641732283464567,SMA,compare,-735.2599999999995,,21,5,2,40,333.0850000000001,57.142857142857146,1.1537216056808637,0.2857142857142857,57.14285714285714,-9.7996,19.78932616973403,61.80257510729614,无近期,,-3637.79,0,3718.1,6919.55,-4899.8,-101.55
101,000895.SZ,28.1496062992126,SMA,compare,-2090.9599999999987,,29,6,2,33.33333333333333,74.63999999999986,58.62068965517241,1.0177295600746017,0.3793103448275862,65.51724137931035,-16.8938,25.23136819405719,56.22317596566524,无近期,,-20.42,-8133.37,2176.78,-868.43,8148.65,-855.37
102,600309.SH,27.440944881889767,EMA,compare,2500.0299999999975,,22,5,2,40,864.1133333333329,54.52727272727273,1.2314178105854405,0.09090909090909088,50,-14.7975,29.435653705773174,33.47639484978541,无近期,,11852.81,-7078.47,5287.67,-386.87,-4490.46,0
103,000723.SZ,26.81102362204724,EMA,compare,601.4999999999991,,23,5,2,40,346.9633333333333,56.52608695652174,1.0873442364333603,0.21739130434782616,60.86956521739131,-13.6875,49.37443076155216,32.18884120171674,无近期,,4065.14,-3940.36,0,-2784,9487,-4746
104,000786.SZ,26.77165354330708,EMA,compare,8408.77,,23,6,3,50,-717.8749999999999,60.86521739130434,0.8047445189296614,0.30434782608695654,65.21739130434783,-9.719899999999999,44.26030611529531,40.772532188841204,无近期,,-2596.87,-4859.95,297.71,7070.35,-4717.82,499.33
105,603501.SH,26.456692913385826,SMA,compare,-2055.330000000001,,11,6,3,50,576.4816666666667,45.445454545454545,1.2502126766880308,0,45.45454545454545,-12.6669,44.54679826791399,22.746781115879827,无近期,,3770.31,-3871.55,123.78,-5032.9,11756.99,-3287.74
106,001979.SZ,25.03937007874016,EMA,compare,7963.649999999998,,22,6,3,50,-850.2333333333336,63.64545454545455,0.8045086331737517,0.18181818181818182,59.09090909090909,-15.6469,39.84187258177721,28.75536480686695,无近期,,511.35,-2560.26,-2245.3,547.02,3316.05,-4670.26
107,601618.SH,23.326771653543307,EMA,compare,1784.3699999999972,,21,5,2,40,-1539.9333333333336,66.65714285714286,0.7116940579569955,0.3333333333333333,66.66666666666666,-18.3807,20.475528716174672,46.3519313304721,无近期,,-2018.29,-9190.34,3330.84,-5176.81,3815,0
108,600690.SH,23.1496062992126,EMA,compare,5002.909999999999,,22,6,4,66.66666666666666,-937.7066666666668,54.54090909090908,0.7412290223234489,0.09090909090909083,54.54545454545454,-15.3557,19.913241842482996,59.65665236051502,无近期,,147.06,-3630.71,-6477.88,2535.94,724.11,1075.24
109,000166.SZ,22.95275590551181,SMA,compare,-1646.740000000001,,19,6,2,33.33333333333333,397.77666666666687,57.89473684210526,1.1415753345023218,0.10526315789473684,47.368421052631575,-12.746099999999998,18.58652143228232,64.8068669527897,无近期,,96.73,-4271.45,15420.67,-3286.25,-5476.57,-96.47
110,603993.SH,22.75590551181102,SMA,compare,-5522.799999999999,,15,5,3,60,-929.3316666666666,60.000000000000014,0.7190709170869779,0.06666666666666665,53.333333333333336,-17.1924,52.93063692229529,22.746781115879827,无近期,,1178.51,92.44,858.39,-149.07,0,-7556.26
111,000877.SZ,22.677165354330707,EMA,compare,3502.550000000001,,17,5,2,40,648.7150000000001,41.194117647058825,1.200339501772399,0.05882352941176472,52.94117647058824,-12.513,25.49109555621612,40.343347639484975,无近期,,-6256.49,-2853.2,-2515.02,4,15513,0
112,000733.SZ,22.283464566929133,EMA,compare,3161.539999999998,,21,5,3,60,-498.14833333333354,52.39523809523809,0.9011229197501418,-0.047619047619047616,47.61904761904761,-17.1681,48.07428387485071,33.047210300429185,无近期,,9233.24,-8169.64,0,1842.12,-6448.81,554.2
113,601766.SH,21.062992125984252,EMA,compare,566.46,,21,5,3,60,-750.9866666666667,52.39047619047619,0.7855517571409056,0.09523809523809529,52.38095238095239,-14.3766,25.986318237947664,56.22317596566524,无近期,,-5312.49,157.62,248.13,781.21,-380.39,0
114,600089.SH,19.724409448818896,EMA,compare,11861.9,,11,4,2,50,-578.9016666666668,54.53636363636363,0.7255566441743968,0.18181818181818177,54.54545454545454,-13.136800000000001,38.32365971830737,24.892703862660944,无近期,,0,378.92,-3254.11,-3218.65,2620.43,0
115,300124.SZ,18.858267716535433,EMA,compare,11846.189999999999,,28,6,2,33.33333333333333,-892.0416666666665,60.72142857142857,0.8277737840953043,0.28571428571428575,64.28571428571429,-21.6413,40.58569407154381,29.613733905579398,无近期,,7286.93,-3679.35,-7804.08,10428.37,-3415.34,-8168.78
116,300628.SZ,18.799212598425196,EMA,compare,4873.14,,23,6,3,50,-864.0233333333334,52.17391304347826,0.8216120890332594,0.2173913043478261,60.86956521739131,-16.3547,41.270324418445085,38.197424892703864,无近期,,461.09,-2062.39,-3955.59,1028.42,-1576.66,920.99
117,000596.SZ,18.661417322834644,EMA,compare,2641.370000000001,,27,5,2,40,-901.0199999999999,59.25185185185186,0.8103101146745695,0.2592592592592593,62.96296296296296,-14.338899999999999,52.53138451532385,27.467811158798284,无近期,,6150.27,-3865.23,1445.52,-3491.56,-5645.12,0
118,600886.SH,17.440944881889763,EMA,compare,502.78000000000156,,39,6,3,50,-1165.178333333333,51.26410256410257,0.8318063494813018,0.23076923076923073,58.97435897435898,-19.6883,20.55848985293857,51.50214592274678,无近期,,4532.38,-4144.24,3011.03,-1101.39,-9844.14,555.29
119,600887.SH,15.94488188976378,EMA,compare,4600.630000000001,,28,5,2,40,-590.3416666666666,53.59285714285715,0.8852309702220369,0.10714285714285715,53.57142857142857,-18.918,22.170500327447257,62.66094420600859,无近期,,6607.75,-9458.98,0,3228.87,-868.51,-3051.18
120,600926.SH,14.330708661417324,EMA,compare,13060.61,,30,6,2,33.33333333333333,-312.8166666666668,49.99333333333334,0.9285945812687938,0.13333333333333336,53.333333333333336,-15.8506,17.44877685908999,66.09442060085837,无近期,,-2748.76,-7005.16,-2500.5,9476.06,-3960.79,4862.25
121,300033.SZ,13.858267716535433,EMA,compare,5853.61,,18,5,2,40,-358.7833333333333,49.983333333333334,0.9258006409677524,-0.11111111111111116,44.44444444444444,-18.9193,41.40638154758044,34.33476394849785,无近期,,-9217.72,1957.87,-481.41,0,14972.83,-9384.27
122,000001.SZ,11.023622047244094,EMA,compare,289.8299999999999,,23,6,2,33.33333333333333,-1274.3516666666667,60.88260869565217,0.6807600357062633,0,47.82608695652174,-8.674999999999999,17.038995118926174,74.2489270386266,无近期,,-3108.68,847.51,-4337.52,1249.33,-1698.96,-597.79
123,600030.SH,9.921259842519687,EMA,compare,8163.74,,27,6,2,33.33333333333333,-1530.3116666666667,59.26666666666668,0.7225297713573055,0.07407407407407407,51.85185185185185,-16.5076,20.00153627295221,54.506437768240346,无近期,,-7909.13,-1349.64,2066.88,1329.58,-706.41,-2613.15
124,002032.SZ,9.625984251968504,EMA,compare,8376.54,,29,6,2,33.33333333333333,-1481.5116666666665,55.182758620689654,0.7382437350078065,0.17241379310344823,58.620689655172406,-11.6227,27.748743975484707,48.927038626609445,无近期,,1137,-3443.59,3527.25,-5727.84,-3129.38,-1252.51
125,002410.SZ,8.543307086614174,EMA,compare,1406.08,,19,5,2,40,-1472.6049999999998,52.63684210526316,0.58607696873476,0,47.368421052631575,-14.5595,33.26993120154985,32.61802575107296,无近期,,1991.5,147.57,0,-1979.62,-5234.85,-3760.23
126,601066.SH,7.9921259842519685,EMA,compare,2008.7400000000016,,27,5,2,40,-2323.103333333333,51.83703703703704,0.49941119325395184,0.11111111111111116,55.55555555555556,-25.5307,32.81666195167314,44.63519313304721,无近期,,648.09,-3584.24,-12765.37,0,2962.77,-1199.87
127,600036.SH,7.95275590551181,EMA,compare,4232.900000000001,,23,5,2,40,-1014.6650000000001,43.47826086956522,0.753154802764768,-0.08695652173913043,43.47826086956522,-19.6704,20.124762402284972,67.38197424892704,无近期,,-9835.2,-1420.94,-4977.33,7569.85,2575.63,0
