code,name,entry_date,exit_date,entry_price,exit_price,stop_line,hold_days,ret_pct,exit_reason
600000,浦发银行,2023-08-25,2023-09-21,6.303,6.347,6.072,19,0.71,R4
600000,浦发银行,2023-09-22,2023-10-19,6.419,6.115,6.217,13,-4.74,R1
600000,浦发银行,2024-03-05,2024-04-01,6.401,6.463,6.089,19,0.98,R4
600000,浦发银行,2025-11-04,2025-12-01,11.096,11.019,10.558,19,-0.69,R4
600000,浦发银行,2025-12-18,2025-12-29,11.249,11.621,10.806,7,3.31,R3
600004,白云机场,2025-10-23,2025-11-03,9.6,9.83,9.139,7,2.4,R3
600007,中国国贸,2024-12-02,2024-12-03,20.895,21.317,19.798,1,2.02,R3
600009,上海机场,2023-03-03,2023-03-16,57.465,54.207,54.828,9,-5.67,R1
600009,上海机场,2023-03-21,2023-04-18,54.256,53.453,51.777,19,-1.48,R4
600009,上海机场,2024-12-24,2025-01-02,34.175,32.414,32.569,6,-5.15,R1
600011,华能国际,2023-08-14,2023-08-23,8.122,7.666,7.856,7,-5.61,R1
600011,华能国际,2024-01-15,2024-01-19,7.693,7.309,7.332,4,-4.99,R1
600011,华能国际,2024-01-24,2024-02-19,7.55,8.033,7.354,12,6.39,R3
600015,华夏银行,2023-10-12,2023-11-08,5.038,4.915,4.771,19,-2.45,R4
600015,华夏银行,2024-01-02,2024-01-05,5.03,5.206,4.862,3,3.51,R3
600015,华夏银行,2024-07-29,2024-08-19,5.908,6.048,5.676,15,2.38,R3
600015,华夏银行,2024-09-02,2024-09-11,5.936,5.805,5.754,7,-2.21,R1
600015,华夏银行,2025-02-26,2025-03-14,6.86,7.221,6.634,12,5.26,R3
600015,华夏银行,2025-04-11,2025-04-28,7.183,7.639,6.859,11,6.34,R3
600015,华夏银行,2025-05-21,2025-06-10,7.164,7.42,6.965,13,3.58,R3
600015,华夏银行,2026-03-25,2026-04-02,7.18,7.49,6.968,6,4.32,R3
600016,民生银行,2023-09-11,2023-10-16,3.265,3.239,3.116,19,-0.79,R4
600016,民生银行,2023-11-09,2023-12-06,3.299,3.256,3.196,19,-1.3,R4
600016,民生银行,2023-12-12,2024-01-09,3.308,3.265,3.207,19,-1.3,R4
600016,民生银行,2024-01-16,2024-01-26,3.291,3.437,3.205,8,4.44,R3
600016,民生银行,2024-03-22,2024-03-27,3.402,3.497,3.222,3,2.78,R3
600016,民生银行,2024-04-15,2024-05-15,3.42,3.334,3.244,19,-2.51,R4
600016,民生银行,2024-05-16,2024-05-22,3.351,3.463,3.237,4,3.33,R3
600016,民生银行,2025-05-07,2025-05-09,3.806,3.854,3.708,2,1.24,R3
600016,民生银行,2025-05-21,2025-05-27,3.92,4.023,3.729,4,2.64,R3
600018,上港集团,2023-04-04,2023-04-17,5.031,5.122,4.853,8,1.8,R3
600018,上港集团,2024-11-05,2024-11-22,5.801,5.58,5.585,13,-3.8,R1
600018,上港集团,2025-01-23,2025-02-25,5.568,5.346,5.39,17,-3.99,R1
600018,上港集团,2025-05-22,2025-06-19,5.636,5.568,5.389,19,-1.2,R4
600018,上港集团,2025-06-20,2025-07-17,5.646,5.539,5.379,19,-1.89,R4
600019,宝钢股份,2023-05-22,2023-05-24,5.405,5.164,5.238,2,-4.47,R1
600019,宝钢股份,2023-06-02,2023-06-21,5.121,4.85,4.9,13,-5.27,R1
600019,宝钢股份,2023-07-20,2023-07-25,5.052,5.342,4.883,3,5.73,R3
600019,宝钢股份,2023-09-14,2023-10-19,5.508,5.217,5.266,19,-5.29,R1
600019,宝钢股份,2023-12-11,2024-01-08,5.512,5.494,5.253,19,-0.32,R4
600019,宝钢股份,2024-02-02,2024-02-06,5.512,5.646,5.31,2,2.43,R3
600019,宝钢股份,2024-11-28,2024-12-06,6.204,6.486,5.888,6,4.53,R3
600019,宝钢股份,2025-01-15,2025-02-19,6.261,6.233,5.927,19,-0.45,R1
600019,宝钢股份,2025-02-21,2025-02-27,6.289,6.636,5.972,4,5.51,R3
600019,宝钢股份,2025-04-11,2025-05-13,6.354,6.542,6.084,19,2.95,R4
600019,宝钢股份,2025-05-30,2025-06-27,6.317,6.251,6.108,19,-1.04,R4
600019,宝钢股份,2025-08-20,2025-09-16,6.812,6.594,6.459,19,-3.21,R4
600019,宝钢股份,2025-09-22,2025-10-09,6.622,6.952,6.415,7,4.98,R3
600019,宝钢股份,2025-11-28,2025-12-25,7.02,6.952,6.645,19,-0.97,R4
600019,宝钢股份,2025-12-26,2025-12-29,7.117,7.204,6.752,1,1.22,R3
600019,宝钢股份,2026-01-12,2026-01-16,7.097,6.778,6.781,4,-4.5,R1
600019,宝钢股份,2026-01-19,2026-02-02,6.913,6.729,6.548,10,-2.66,R1
600019,宝钢股份,2026-02-06,2026-03-13,6.875,6.884,6.589,19,0.14,R4
600023,浙能电力,2023-04-04,2023-04-13,3.292,3.51,3.151,6,6.63,R3
600023,浙能电力,2023-10-19,2023-10-26,3.828,4.083,3.653,5,6.65,R3
600023,浙能电力,2023-11-30,2023-12-07,4.219,4.347,4.114,5,3.02,R3
600023,浙能电力,2024-08-12,2024-09-04,6.135,5.741,5.814,17,-6.43,R1
600023,浙能电力,2024-10-31,2024-11-22,5.515,5.186,5.286,16,-5.96,R1
600023,浙能电力,2026-07-01,2026-07-15,5.36,5.0,5.177,10,-6.72,R1
600025,华能水电,2023-04-12,2023-04-24,6.333,6.305,6.068,8,-0.44,R1
600025,华能水电,2024-11-04,2024-11-22,9.42,9.027,9.058,14,-4.17,R1
600025,华能水电,2025-05-27,2025-06-05,9.66,9.296,9.335,6,-3.77,R1
600025,华能水电,2025-11-20,2025-12-17,9.318,9.162,9.083,19,-1.68,R4
600025,华能水电,2026-04-16,2026-05-18,9.348,9.318,9.058,19,-0.31,R4
600026,中远海能,2023-07-25,2023-07-28,13.114,12.648,12.774,3,-3.56,R1
600027,华电国际,2023-02-22,2023-02-24,5.08,4.941,4.946,2,-2.73,R1
600027,华电国际,2023-03-14,2023-03-20,5.158,5.097,4.938,4,-1.18,R1
600028,中国石化,2023-08-17,2023-09-13,5.322,5.47,5.075,19,2.78,R4
600028,中国石化,2023-09-19,2023-10-11,5.47,5.158,5.257,10,-5.69,R1
600028,中国石化,2023-11-01,2023-11-28,4.865,4.856,4.615,19,-0.18,R4
600028,中国石化,2023-11-30,2023-12-14,4.865,4.705,4.719,10,-3.29,R1
600028,中国石化,2024-11-20,2024-12-17,5.957,6.051,5.794,19,1.58,R4
600028,中国石化,2024-12-23,2024-12-25,6.145,6.352,5.878,2,3.36,R3
600028,中国石化,2025-01-08,2025-01-10,6.183,5.91,5.923,2,-4.41,R1
600028,中国石化,2025-01-16,2025-01-22,5.901,5.638,5.649,4,-4.46,R1
600028,中国石化,2026-03-23,2026-04-10,5.906,5.681,5.696,13,-3.81,R1
600029,南方航空,2023-03-29,2023-04-03,7.56,8.15,7.19,3,7.8,R3
600029,南方航空,2023-04-27,2023-05-04,7.6,7.22,7.407,2,-5.0,R1
600029,南方航空,2023-08-10,2023-08-15,7.02,6.83,6.841,3,-2.71,R1
600029,南方航空,2024-07-11,2024-07-15,6.03,5.74,5.855,2,-4.81,R1
600029,南方航空,2025-01-13,2025-01-14,6.03,6.43,5.775,1,6.63,R3
600029,南方航空,2025-05-26,2025-06-04,6.22,5.94,5.96,6,-4.5,R1
600029,南方航空,2025-06-10,2025-06-13,6.02,5.81,5.839,3,-3.49,R1
600029,南方航空,2025-09-08,2025-09-17,6.14,6.23,5.839,7,1.47,R3
600029,南方航空,2025-09-26,2025-10-20,6.03,6.6,5.724,10,9.45,R3
600030,中信证券,2023-05-30,2023-06-26,18.623,17.645,17.761,17,-5.26,R1
600030,中信证券,2023-07-19,2023-07-25,18.669,19.739,17.758,4,5.73,R3
600030,中信证券,2023-10-12,2023-11-06,20.327,21.326,19.37,17,4.92,R3
600030,中信证券,2023-12-11,2023-12-18,19.813,19.094,19.11,5,-3.63,R1
600031,三一重工,2023-09-22,2023-09-28,15.469,15.007,15.061,4,-2.99,R1
600031,三一重工,2025-01-14,2025-02-07,15.134,16.044,14.719,12,6.01,R3
600031,三一重工,2025-06-06,2025-07-03,17.691,17.745,16.822,19,0.31,R4
600031,三一重工,2025-11-24,2025-12-19,20.315,21.038,19.511,19,3.56,R4
600031,三一重工,2025-12-26,2026-01-12,20.969,22.346,20.126,9,6.57,R3
600032,浙江新能,2025-05-20,2025-05-23,7.752,7.326,7.374,3,-5.49,R1
600036,招商银行,2023-07-25,2023-07-26,28.541,28.609,27.588,1,0.24,R3
600036,招商银行,2023-09-14,2023-10-19,28.369,27.082,27.0,19,-4.54,R4
600036,招商银行,2025-08-21,2025-09-17,41.247,39.624,39.576,19,-3.93,R4
600036,招商银行,2025-09-26,2025-10-29,38.713,38.685,37.311,17,-0.07,R1
600036,招商银行,2025-11-03,2025-11-28,39.653,40.753,37.756,19,2.78,R4
600036,招商银行,2025-12-01,2025-12-10,41.218,39.567,39.989,7,-4.01,R1
600036,招商银行,2025-12-18,2026-01-14,40.203,38.021,38.562,17,-5.43,R1
600039,四川路桥,2025-01-06,2025-01-22,6.913,6.531,6.549,12,-5.52,R1
600039,四川路桥,2025-01-24,2025-02-28,6.76,7.008,6.418,19,3.67,R4
600039,四川路桥,2025-08-04,2025-08-29,8.322,8.631,8.072,19,3.71,R4
600039,四川路桥,2025-09-17,2025-09-18,8.74,8.391,8.432,1,-3.99,R1
600039,四川路桥,2025-10-22,2025-10-27,8.83,8.84,8.488,3,0.11,R3
600039,四川路桥,2026-03-24,2026-04-01,9.67,9.46,9.303,6,-2.17,R1
600039,四川路桥,2026-04-08,2026-04-09,9.68,9.41,9.421,1,-2.79,R1
600050,中国联通,2023-10-09,2023-10-20,4.531,4.312,4.332,9,-4.84,R1
600050,中国联通,2024-07-09,2024-08-05,4.44,4.383,4.231,19,-1.28,R4
600050,中国联通,2025-01-23,2025-02-06,4.625,4.912,4.397,4,6.21,R3
600050,中国联通,2025-06-23,2025-07-08,5.055,5.21,4.811,11,3.05,R3
600050,中国联通,2025-11-05,2025-11-10,5.374,5.463,5.139,3,1.65,R3
600050,中国联通,2025-12-01,2025-12-11,5.384,5.157,5.169,8,-4.22,R1
600057,厦门象屿,2023-04-17,2023-04-20,9.269,8.829,8.842,3,-4.75,R1
600060,海信视像,2023-08-28,2023-08-30,19.394,19.385,18.44,2,-0.05,R1
600060,海信视像,2024-01-24,2024-01-25,19.156,20.375,18.367,1,6.37,R3
600061,国投资本,2023-11-06,2023-11-07,6.631,6.707,6.376,1,1.14,R3
600061,国投资本,2023-11-14,2023-12-11,6.716,6.584,6.401,19,-1.96,R4
600061,国投资本,2025-01-14,2025-02-18,6.753,6.916,6.521,19,2.42,R4
600061,国投资本,2025-02-21,2025-03-20,7.06,6.984,6.764,19,-1.09,R4
600061,国投资本,2025-06-11,2025-06-12,6.945,7.012,6.719,1,0.97,R3
600061,国投资本,2026-01-22,2026-02-26,7.455,7.289,7.062,19,-2.23,R4
600066,宇通客车,2023-10-09,2023-10-19,11.078,11.044,10.599,8,-0.3,R1
600066,宇通客车,2025-07-14,2025-08-08,24.151,24.54,22.926,19,1.61,R4
600066,宇通客车,2026-05-25,2026-06-04,32.01,29.99,30.37,8,-6.31,R1
600085,同仁堂,2023-02-13,2023-02-20,43.361,44.875,41.796,5,3.49,R3
600085,同仁堂,2023-08-01,2023-08-04,48.416,51.708,45.833,3,6.8,R3
600085,同仁堂,2023-11-30,2023-12-27,49.977,50.1,47.613,19,0.24,R4
600098,广州发展,2023-08-28,2023-09-22,5.325,5.299,5.159,19,-0.49,R4
600104,上汽集团,2023-11-17,2023-11-27,14.01,14.987,13.571,6,6.98,R3
600104,上汽集团,2024-05-13,2024-06-07,14.126,13.652,13.575,19,-3.36,R4
600104,上汽集团,2024-07-29,2024-08-08,14.126,13.623,13.713,8,-3.56,R1
600104,上汽集团,2025-03-24,2025-04-07,15.212,13.849,14.563,9,-8.96,R1
600104,上汽集团,2025-04-23,2025-04-30,15.331,16.157,14.622,5,5.39,R3
600104,上汽集团,2025-06-09,2025-07-04,15.61,16.973,14.832,19,8.73,R3
600104,上汽集团,2025-10-15,2025-11-03,16.82,16.22,16.3,13,-3.57,R1
600109,国金证券,2025-06-16,2025-06-25,8.429,8.774,8.137,7,4.1,R3
600109,国金证券,2025-11-28,2025-12-25,9.15,9.31,8.743,19,1.75,R4
600111,北方稀土,2025-04-03,2025-04-09,22.799,25.199,21.791,3,10.53,R3
600115,中国东航,2023-04-03,2023-04-24,5.39,5.17,5.175,14,-4.08,R1
600115,中国东航,2023-04-28,2023-05-10,5.18,4.95,4.969,5,-4.44,R1
600115,中国东航,2025-01-14,2025-01-20,3.94,3.91,3.787,4,-0.76,R1
600115,中国东航,2025-01-21,2025-02-05,3.97,3.78,3.786,5,-4.79,R1
600115,中国东航,2025-02-10,2025-02-17,3.85,3.74,3.749,5,-2.86,R1
600115,中国东航,2025-05-06,2025-05-08,3.89,3.77,3.786,2,-3.08,R1
600126,杭钢股份,2023-11-13,2023-11-14,4.45,4.895,4.218,1,10.0,R3
600132,重庆啤酒,2026-02-25,2026-03-02,53.248,54.583,51.261,3,2.51,R3
600150,中国船舶,2024-08-28,2024-09-02,38.204,34.232,36.389,3,-10.4,R1
600161,天坛生物,2023-07-14,2023-08-07,21.079,19.646,20.174,16,-6.8,R1
600161,天坛生物,2023-08-29,2023-09-07,19.834,19.802,19.076,7,-0.17,R1
600161,天坛生物,2024-01-24,2024-01-31,22.241,21.586,21.105,5,-2.94,R1
600161,天坛生物,2024-05-27,2024-05-28,23.584,22.904,22.942,1,-2.88,R1
600161,天坛生物,2024-07-09,2024-07-17,23.58,25.1,22.705,6,6.45,R3
600161,天坛生物,2024-08-06,2024-09-02,24.113,23.294,22.934,19,-3.4,R4
600161,天坛生物,2024-09-03,2024-09-12,23.61,21.724,22.747,7,-7.98,R1
600176,中国巨石,2023-03-20,2023-03-22,13.629,13.047,13.068,2,-4.27,R1
600176,中国巨石,2023-09-01,2023-09-21,13.559,13.03,13.054,14,-3.9,R1
600176,中国巨石,2025-04-18,2025-05-20,11.41,11.68,10.875,19,2.37,R4
600177,雅戈尔,2023-10-31,2023-11-27,5.566,5.715,5.422,19,2.67,R4
600177,雅戈尔,2025-03-25,2025-04-07,7.455,6.924,7.069,8,-7.13,R1
600177,雅戈尔,2025-05-07,2025-06-04,6.924,6.896,6.711,19,-0.4,R4
600177,雅戈尔,2025-06-25,2025-07-10,6.992,7.039,6.76,11,0.67,R3
600177,雅戈尔,2025-09-17,2025-10-16,7.106,7.268,6.824,15,2.28,R3
600177,雅戈尔,2026-05-29,2026-06-26,7.256,7.51,7.04,19,3.49,R4
600183,生益科技,2023-09-11,2023-09-26,14.636,14.107,14.128,11,-3.61,R1
600183,生益科技,2024-01-11,2024-01-17,15.825,15.495,15.05,4,-2.09,R1
600183,生益科技,2024-01-25,2024-01-26,15.599,14.74,15.098,1,-5.51,R1
600188,兖矿能源,2024-10-18,2024-11-14,14.774,14.572,14.351,19,-1.37,R4
600188,兖矿能源,2026-01-20,2026-02-02,13.99,13.83,13.383,9,-1.14,R1
600196,复星医药,2025-02-14,2025-02-17,25.125,25.827,24.035,1,2.79,R3
600196,复星医药,2025-03-25,2025-04-07,24.463,22.931,23.278,8,-6.26,R1
600196,复星医药,2025-04-22,2025-04-30,24.117,23.128,23.334,6,-4.1,R1
600196,复星医药,2025-12-26,2026-01-12,26.89,27.85,25.527,9,3.57,R3
600219,南山铝业,2024-08-08,2024-09-04,3.091,3.152,3.004,19,1.98,R4
600219,南山铝业,2024-12-26,2025-01-17,3.464,3.722,3.347,15,7.46,R3
600221,海航控股,2023-08-10,2023-08-15,1.69,1.63,1.647,3,-3.55,R1
600233,圆通速递,2024-07-15,2024-07-23,14.046,13.49,13.526,6,-3.96,R1
600233,圆通速递,2024-09-18,2024-09-26,14.784,16.077,14.343,6,8.75,R3
600233,圆通速递,2025-12-25,2026-01-07,16.76,16.061,16.09,7,-4.17,R1
600233,圆通速递,2026-05-26,2026-06-02,18.632,17.588,17.957,5,-5.61,R1
600236,桂冠电力,2024-10-22,2024-11-18,5.946,6.041,5.712,19,1.6,R4
600236,桂冠电力,2024-12-02,2024-12-04,6.079,6.232,5.812,2,2.51,R3
600276,恒瑞医药,2023-10-25,2023-10-30,42.629,45.996,41.496,3,7.9,R3
600276,恒瑞医药,2023-12-08,2024-01-05,45.018,41.424,43.228,19,-7.98,R1
600276,恒瑞医药,2024-04-09,2024-04-18,44.969,41.819,42.618,7,-7.0,R1
600276,恒瑞医药,2024-08-12,2024-09-06,43.296,44.06,41.498,19,1.76,R4
600276,恒瑞医药,2024-12-19,2025-01-07,46.184,43.703,43.941,12,-5.37,R1
600276,恒瑞医药,2025-01-14,2025-01-16,43.951,42.572,42.82,2,-3.14,R1
600276,恒瑞医药,2025-01-20,2025-02-21,44.18,47.911,42.835,18,8.45,R3
600276,恒瑞医药,2025-02-27,2025-03-10,47.544,45.142,45.284,7,-5.05,R1
600282,南钢股份,2023-12-27,2024-01-04,3.22,3.35,3.103,5,4.04,R3
600282,南钢股份,2024-10-16,2024-10-21,4.351,4.174,4.211,3,-4.08,R1
600282,南钢股份,2024-11-18,2024-11-22,3.996,3.828,3.843,4,-4.21,R1
600282,南钢股份,2025-01-24,2025-02-14,4.127,4.099,3.973,9,-0.68,R1
600282,南钢股份,2025-08-19,2025-08-21,4.251,4.565,4.087,2,7.38,R3
600295,鄂尔多斯,2024-12-06,2024-12-09,8.809,9.12,8.349,1,3.54,R3
600295,鄂尔多斯,2026-07-14,2026-07-15,12.1,12.51,11.642,1,3.39,R3
600298,安琪酵母,2025-03-21,2025-03-28,34.776,33.622,33.65,5,-3.32,R1
600298,安琪酵母,2026-03-13,2026-03-20,41.431,39.541,40.074,5,-4.56,R1
600309,万华化学,2023-04-07,2023-04-20,88.153,87.819,84.4,9,-0.38,R1
600309,万华化学,2023-04-25,2023-05-04,87.494,83.595,85.018,4,-4.46,R1
600309,万华化学,2023-08-22,2023-09-01,87.995,91.343,84.566,8,3.8,R3
600309,万华化学,2023-09-22,2023-09-28,88.136,83.53,83.969,4,-5.23,R1
600329,达仁堂,2026-01-23,2026-01-27,40.95,39.406,39.416,2,-3.77,R1
600332,白云山,2023-08-28,2023-09-22,27.906,28.253,26.941,19,1.24,R4
600332,白云山,2023-09-25,2023-10-18,28.372,26.937,27.238,11,-5.06,R1
600332,白云山,2024-11-20,2024-12-12,27.587,28.09,26.47,16,1.83,R3
600346,恒力石化,2024-06-24,2024-07-04,13.087,13.058,12.602,8,-0.22,R1
600346,恒力石化,2024-11-05,2024-11-07,13.362,14.472,12.909,2,8.31,R3
600346,恒力石化,2024-11-28,2024-12-12,13.485,14.757,12.89,10,9.43,R3
600346,恒力石化,2025-01-23,2025-02-10,13.874,14.633,13.183,6,5.47,R3
600346,恒力石化,2025-04-10,2025-05-12,14.444,14.823,13.931,19,2.63,R4
600346,恒力石化,2025-06-12,2025-07-09,14.187,13.783,13.546,19,-2.85,R4
600346,恒力石化,2025-08-08,2025-08-20,14.938,16.152,14.212,8,8.13,R3
600350,山东高速,2024-09-25,2024-10-09,8.253,7.745,7.875,5,-6.15,R1
600350,山东高速,2024-10-21,2024-11-15,8.179,8.539,7.92,19,4.4,R4
600350,山东高速,2025-07-07,2025-07-24,9.637,9.582,9.352,13,-0.57,R1
600352,浙江龙盛,2023-08-09,2023-08-24,8.617,8.178,8.195,11,-5.1,R1
600352,浙江龙盛,2025-01-24,2025-02-20,8.943,8.611,8.675,13,-3.71,R1
600352,浙江龙盛,2025-03-11,2025-03-14,8.611,8.851,8.202,3,2.78,R3
600352,浙江龙盛,2025-05-20,2025-06-09,9.229,9.745,8.793,13,5.59,R3
600352,浙江龙盛,2025-09-29,2025-10-23,9.573,9.977,9.274,12,4.23,R3
600352,浙江龙盛,2025-12-02,2025-12-29,10.151,10.267,9.632,19,1.14,R4
600362,江西铜业,2023-05-18,2023-05-24,17.226,16.58,16.59,4,-3.75,R1
600362,江西铜业,2023-07-13,2023-07-14,17.71,17.836,17.019,1,0.71,R3
600362,江西铜业,2023-07-25,2023-07-28,17.836,18.213,17.061,3,2.12,R3
600362,江西铜业,2023-10-12,2023-10-20,17.348,16.436,16.458,6,-5.25,R1
600362,江西铜业,2024-08-15,2024-09-02,19.257,18.736,18.763,12,-2.71,R1
600362,江西铜业,2024-11-27,2024-12-16,20.081,19.863,19.509,13,-1.08,R1
600369,西南证券,2023-05-15,2023-05-23,3.748,3.578,3.629,6,-4.55,R1
600369,西南证券,2023-12-07,2023-12-20,3.982,3.762,3.832,9,-5.5,R1
600369,西南证券,2025-01-23,2025-02-27,4.272,4.542,4.138,19,6.32,R3
600369,西南证券,2025-06-11,2025-06-20,4.118,3.983,3.992,7,-3.28,R1
600369,西南证券,2025-06-24,2025-06-25,4.127,4.281,4.008,1,3.74,R3
600369,西南证券,2025-07-04,2025-07-10,4.214,4.339,4.06,4,2.97,R3
600372,中航机载,2025-09-19,2025-09-30,11.965,12.531,11.396,7,4.73,R3
600377,宁沪高速,2024-10-15,2024-11-11,11.988,11.802,11.372,19,-1.55,R4
600377,宁沪高速,2024-11-14,2024-11-26,12.146,12.638,11.66,8,4.06,R3
600390,五矿资本,2023-09-15,2023-10-09,5.126,4.889,4.898,10,-4.61,R1
600398,海澜之家,2025-08-11,2025-08-22,6.556,6.744,6.299,9,2.86,R3
600406,国电南瑞,2023-04-07,2023-04-25,20.739,19.381,19.732,12,-6.55,R1
600406,国电南瑞,2023-09-12,2023-09-20,21.555,20.644,20.665,6,-4.22,R1
600406,国电南瑞,2023-10-10,2023-11-06,20.793,21.053,20.001,19,1.25,R4
600406,国电南瑞,2023-11-09,2023-12-05,21.062,20.068,20.132,18,-4.72,R1
600406,国电南瑞,2024-02-22,2024-02-29,21.146,21.536,20.207,5,1.85,R3
600406,国电南瑞,2024-05-09,2024-05-16,21.62,21.378,20.614,5,-1.12,R1
600406,国电南瑞,2024-05-27,2024-06-14,21.369,22.713,20.681,13,6.29,R3
600406,国电南瑞,2024-08-07,2024-08-30,22.637,23.397,21.901,17,3.36,R3
600406,国电南瑞,2024-12-03,2024-12-16,23.895,22.997,23.288,9,-3.76,R1
600406,国电南瑞,2024-12-24,2025-01-02,24.105,23.131,23.371,6,-4.04,R1
600415,小商品城,2023-01-19,2023-02-02,4.551,4.741,4.369,5,4.19,R3
600415,小商品城,2024-04-26,2024-05-15,7.706,7.688,7.426,10,-0.24,R1
600426,华鲁恒升,2023-05-22,2023-05-23,21.759,20.773,21.186,1,-4.53,R1
600426,华鲁恒升,2023-06-27,2023-07-11,21.98,23.036,21.27,10,4.8,R3
600426,华鲁恒升,2023-07-21,2023-08-04,23.74,23.704,22.609,10,-0.15,R1
600426,华鲁恒升,2023-08-10,2023-09-01,23.661,24.494,22.494,16,3.52,R3
600426,华鲁恒升,2023-09-27,2023-10-23,23.388,21.685,22.173,12,-7.28,R1
600482,中国动力,2023-04-21,2023-05-08,16.363,18.86,15.513,8,15.26,R3
600482,中国动力,2023-08-29,2023-09-25,19.068,18.695,18.238,19,-1.96,R4
600482,中国动力,2023-11-20,2023-11-22,17.694,17.105,17.191,2,-3.33,R1
600483,福能股份,2024-09-24,2024-09-30,8.806,9.662,8.535,4,9.73,R3
600483,福能股份,2025-09-23,2025-10-09,9.38,9.903,8.906,6,5.57,R3
600489,中金黄金,2023-08-22,2023-09-04,10.037,10.695,9.753,9,6.55,R3
600515,海南机场,2023-03-01,2023-03-10,4.35,4.16,4.228,7,-4.37,R1
600515,海南机场,2025-02-24,2025-02-27,3.66,3.78,3.505,3,3.28,R3
600515,海南机场,2025-05-19,2025-05-26,3.55,3.43,3.452,5,-3.38,R1
600516,方大炭素,2025-08-13,2025-08-26,4.873,5.023,4.672,9,3.07,R3
600517,国网英大,2025-01-14,2025-02-18,4.959,4.901,4.722,19,-1.17,R4
600517,国网英大,2025-05-14,2025-06-11,4.863,4.824,4.616,19,-0.79,R4
600517,国网英大,2026-04-08,2026-04-27,6.357,6.141,6.162,13,-3.4,R1
600519,贵州茅台,2023-03-14,2023-03-31,1562.527,1610.305,1479.337,13,3.06,R3
600519,贵州茅台,2023-11-21,2023-12-05,1608.075,1535.307,1545.094,10,-4.53,R1
600519,贵州茅台,2024-05-17,2024-06-03,1558.479,1489.769,1494.589,11,-4.41,R1
600519,贵州茅台,2025-08-29,2025-09-10,1421.58,1461.932,1370.997,8,2.84,R3
600535,天士力,2025-12-01,2025-12-26,15.477,15.179,14.732,19,-1.92,R4
600547,山东黄金,2023-02-14,2023-03-07,18.742,19.18,17.746,15,2.34,R3
600547,山东黄金,2023-08-22,2023-08-24,23.789,25.341,22.769,2,6.52,R3
600547,山东黄金,2023-10-10,2023-10-30,25.087,23.438,23.87,14,-6.57,R1
600566,济川药业,2023-06-12,2023-06-19,23.999,23.359,23.371,5,-2.67,R1
600566,济川药业,2026-01-15,2026-02-02,24.771,23.903,23.928,12,-3.51,R1
600566,济川药业,2026-02-04,2026-03-03,25.005,26.49,23.861,13,5.94,R3
600578,京能电力,2025-11-26,2025-12-23,4.361,4.971,4.234,19,14.0,R3
600578,京能电力,2026-04-08,2026-04-21,4.991,5.291,4.784,9,6.02,R3
600582,天地科技,2024-07-18,2024-07-25,5.43,5.125,5.15,5,-5.62,R1
600583,海油工程,2023-08-28,2023-09-06,5.494,5.823,5.317,7,5.98,R3
600583,海油工程,2023-10-16,2023-10-23,5.908,5.635,5.652,5,-4.61,R1
600583,海油工程,2023-10-25,2023-11-06,5.926,5.607,5.638,8,-5.39,R1
600583,海油工程,2024-05-27,2024-06-11,5.88,5.617,5.663,10,-4.47,R1
600585,海螺水泥,2024-12-24,2025-01-02,22.557,21.578,21.711,6,-4.34,R1
600585,海螺水泥,2025-01-06,2025-01-17,21.79,22.742,20.987,9,4.37,R3
600585,海螺水泥,2025-02-11,2025-02-21,22.197,20.949,21.177,8,-5.62,R1
600585,海螺水泥,2025-03-13,2025-03-17,22.345,23.334,21.245,2,4.43,R3
600585,海螺水泥,2025-03-21,2025-04-07,23.029,21.855,22.176,10,-5.1,R1
600585,海螺水泥,2025-04-16,2025-04-30,23.565,22.252,22.313,10,-5.57,R1
600585,海螺水泥,2025-05-14,2025-05-26,22.234,21.347,21.623,8,-3.99,R1
600600,青岛啤酒,2023-02-03,2023-02-16,92.191,96.141,88.35,9,4.28,R3
600637,东方明珠,2023-07-13,2023-08-07,7.332,7.679,7.039,17,4.73,R3
600637,东方明珠,2023-11-13,2023-11-20,7.312,7.463,7.096,5,2.06,R3
600637,东方明珠,2025-01-23,2025-02-06,7.141,7.685,6.913,4,7.61,R3
600642,申能股份,2024-09-19,2024-09-24,6.526,7.121,6.345,3,9.12,R3
600642,申能股份,2024-10-18,2024-11-12,7.49,7.454,7.244,17,-0.48,R1
600642,申能股份,2025-02-07,2025-02-19,7.743,7.977,7.393,8,3.03,R3
600642,申能股份,2025-03-25,2025-04-11,8.004,7.932,7.6,12,-0.9,R1
600642,申能股份,2025-06-10,2025-07-07,7.878,8.067,7.561,19,2.4,R3
600642,申能股份,2025-11-03,2025-11-04,7.89,7.899,7.597,1,0.12,R3
600642,申能股份,2025-11-24,2025-12-19,7.966,7.634,7.575,19,-4.17,R4
600642,申能股份,2026-02-04,2026-03-02,7.956,8.374,7.641,12,5.24,R3
600642,申能股份,2026-07-01,2026-07-07,8.582,8.146,8.273,4,-5.08,R1
600660,福耀玻璃,2023-11-16,2023-11-23,33.604,34.599,32.545,5,2.96,R3
600660,福耀玻璃,2023-11-28,2023-12-25,34.334,33.786,32.814,19,-1.6,R4
600660,福耀玻璃,2024-08-21,2024-08-29,43.035,45.228,41.745,6,5.1,R3
600660,福耀玻璃,2025-02-19,2025-03-12,53.646,55.296,51.277,15,3.08,R3
600660,福耀玻璃,2025-05-08,2025-05-22,54.592,57.069,52.772,10,4.54,R3
600660,福耀玻璃,2025-06-05,2025-07-02,56.043,55.26,53.165,19,-1.4,R4
600660,福耀玻璃,2025-07-15,2025-07-31,54.912,52.871,53.137,12,-3.72,R1
600660,福耀玻璃,2025-08-05,2025-08-20,53.964,59.342,51.425,11,9.97,R3
600660,福耀玻璃,2025-12-30,2026-01-13,63.198,59.984,60.582,8,-5.09,R1
600663,陆家嘴,2025-01-06,2025-01-08,9.062,8.663,8.708,2,-4.41,R1
600673,东阳光,2023-03-06,2023-03-13,8.987,8.536,8.721,5,-5.02,R1
600673,东阳光,2023-03-31,2023-04-06,8.584,8.239,8.365,3,-4.02,R1
600674,川投能源,2023-01-12,2023-01-18,11.528,11.667,11.066,4,1.21,R3
600674,川投能源,2023-11-28,2023-12-11,13.376,13.987,12.685,9,4.57,R3
600674,川投能源,2023-12-22,2023-12-26,14.016,14.283,13.642,2,1.91,R3
600674,川投能源,2024-01-15,2024-01-22,14.264,13.5,13.709,5,-5.36,R1
600674,川投能源,2024-09-02,2024-09-12,17.281,16.638,16.729,8,-3.72,R1
600674,川投能源,2024-11-18,2024-12-03,16.443,17.125,15.778,11,4.15,R3
600674,川投能源,2024-12-31,2025-01-06,16.823,15.926,16.129,3,-5.33,R1
600674,川投能源,2025-05-15,2025-06-03,16.843,16.228,16.285,12,-3.65,R1
600690,海尔智家,2024-07-11,2024-07-23,24.92,23.866,23.999,8,-4.23,R1
600690,海尔智家,2024-08-22,2024-08-28,22.994,22.794,22.401,4,-0.87,R1
600690,海尔智家,2025-01-23,2025-02-25,26.137,24.829,24.967,17,-5.01,R1
600690,海尔智家,2026-02-24,2026-03-04,26.02,24.54,24.775,6,-5.69,R1
600703,三安光电,2025-04-28,2025-05-07,12.19,12.52,11.75,4,2.7,R3
600703,三安光电,2025-05-12,2025-06-09,12.56,12.16,12.025,19,-3.18,R4
600703,三安光电,2025-07-03,2025-07-25,12.32,12.83,11.803,16,4.14,R3
600704,物产中大,2025-06-24,2025-07-02,4.779,5.038,4.555,6,5.42,R3
600707,彩虹股份,2023-06-30,2023-07-03,4.735,4.904,4.581,1,3.57,R3
600707,彩虹股份,2023-12-08,2023-12-15,5.949,5.919,5.738,5,-0.5,R1
600726,华电能源,2026-02-04,2026-03-05,2.61,2.76,2.471,15,5.75,R3
600737,中粮糖业,2025-04-03,2025-04-07,9.446,8.887,9.196,1,-5.92,R1
600741,华域汽车,2023-10-25,2023-10-26,16.758,16.001,16.019,1,-4.52,R1
600741,华域汽车,2023-11-03,2023-11-30,16.156,15.873,15.5,19,-1.75,R4
600741,华域汽车,2024-02-29,2024-03-20,15.937,15.444,15.486,14,-3.09,R1
600741,华域汽车,2024-04-11,2024-04-18,15.919,16.53,15.126,5,3.84,R3
600741,华域汽车,2025-01-14,2025-02-07,15.578,17.177,15.042,12,10.26,R3
600741,华域汽车,2025-06-11,2025-07-08,17.158,17.665,16.305,19,2.96,R3
600741,华域汽车,2025-11-28,2025-12-25,19.42,20.03,18.448,19,3.14,R4
600741,华域汽车,2026-02-04,2026-03-04,18.96,18.55,17.958,14,-2.16,R1
600741,华域汽车,2026-03-06,2026-03-23,18.93,17.75,18.117,11,-6.23,R1
600754,锦江酒店,2023-01-05,2023-02-08,54.088,53.061,52.072,19,-1.9,R4
600760,中航沈飞,2023-07-26,2023-08-22,43.163,43.416,40.882,19,0.59,R4
600760,中航沈飞,2025-04-21,2025-04-28,43.588,41.892,42.067,5,-3.89,R1
600777,新潮能源,2026-01-15,2026-01-16,4.11,4.14,3.92,1,0.73,R3
600795,国电电力,2024-08-28,2024-09-05,5.036,4.799,4.811,6,-4.72,R1
600795,国电电力,2024-09-19,2024-09-30,4.433,5.0,4.211,7,12.78,R3
600803,新奥股份,2023-06-26,2023-07-05,15.553,15.446,14.816,7,-0.69,R1
600803,新奥股份,2023-07-10,2023-08-04,15.964,15.686,15.48,19,-1.74,R4
600803,新奥股份,2023-08-10,2023-08-11,16.243,15.416,15.669,1,-5.09,R1
600803,新奥股份,2024-07-31,2024-08-27,16.563,15.67,15.836,19,-5.4,R1
600803,新奥股份,2024-09-02,2024-09-24,15.82,17.076,14.997,14,7.94,R3
600803,新奥股份,2024-11-07,2024-11-29,16.997,16.183,16.208,16,-4.79,R1
600803,新奥股份,2024-12-02,2024-12-17,16.36,17.448,15.501,11,6.65,R3
600803,新奥股份,2025-02-26,2025-02-28,17.165,17.935,16.541,2,4.48,R3
600803,新奥股份,2025-03-11,2025-04-16,17.421,17.368,16.646,19,-0.3,R4
600803,新奥股份,2025-04-21,2025-05-21,17.368,17.315,16.781,19,-0.31,R4
600803,新奥股份,2025-08-08,2025-09-04,17.669,16.96,16.732,19,-4.01,R4
600803,新奥股份,2025-09-08,2025-09-30,17.352,16.782,16.79,16,-3.28,R1
600803,新奥股份,2025-10-09,2025-10-29,17.202,18.049,16.75,14,4.92,R3
600803,新奥股份,2026-01-19,2026-02-13,18.68,17.992,17.954,19,-3.68,R4
600803,新奥股份,2026-02-24,2026-03-02,18.774,20.603,18.11,4,9.74,R3
600803,新奥股份,2026-04-14,2026-05-07,19.792,18.859,19.034,14,-4.71,R1
600803,新奥股份,2026-06-01,2026-06-08,18.689,17.86,18.103,5,-4.44,R1
600809,山西汾酒,2024-06-14,2024-06-19,221.881,212.687,214.045,3,-4.14,R1
600809,山西汾酒,2025-09-29,2025-10-24,194.55,184.38,185.951,13,-5.23,R1
600827,百联股份,2025-05-28,2025-06-25,8.954,8.839,8.484,19,-1.28,R4
600845,宝信软件,2023-08-30,2023-09-06,37.93,36.16,36.253,5,-4.67,R1
600845,宝信软件,2023-12-19,2023-12-28,37.325,38.111,35.733,7,2.11,R3
600871,石化油服,2023-05-18,2023-06-05,2.16,2.05,2.057,12,-5.09,R1
600871,石化油服,2023-08-28,2023-08-31,2.17,2.07,2.072,3,-4.61,R1
600871,石化油服,2023-09-04,2023-10-09,2.17,2.14,2.07,19,-1.38,R4
600871,石化油服,2025-02-24,2025-03-17,1.94,1.97,1.867,15,1.55,R3
600873,梅花生物,2024-06-25,2024-07-04,9.666,9.306,9.36,7,-3.72,R1
600879,航天电子,2023-09-28,2023-10-20,7.391,7.045,7.098,10,-4.67,R1
600885,宏发股份,2025-05-06,2025-06-03,23.279,22.508,22.359,19,-3.31,R4
600885,宏发股份,2025-06-20,2025-07-17,21.725,23.07,21.036,19,6.19,R3
600886,国投电力,2023-01-17,2023-02-03,10.007,9.61,9.613,8,-3.97,R1
600886,国投电力,2023-09-12,2023-09-15,11.602,11.517,11.122,3,-0.73,R1
600886,国投电力,2023-11-22,2023-12-08,11.743,12.016,11.348,12,2.33,R3
600886,国投电力,2024-08-12,2024-08-26,15.876,15.76,15.127,10,-0.73,R1
600886,国投电力,2024-11-13,2024-12-04,14.916,15.692,14.186,15,5.2,R3
600886,国投电力,2024-12-25,2025-01-03,16.158,15.343,15.369,6,-5.05,R1
600886,国投电力,2025-01-08,2025-01-10,15.275,14.722,14.737,2,-3.62,R1
600886,国投电力,2026-03-24,2026-04-07,14.47,13.45,13.772,9,-7.05,R1
600887,伊利股份,2024-06-14,2024-06-20,24.771,23.385,23.584,4,-5.59,R1
600887,伊利股份,2025-03-06,2025-03-14,25.519,27.124,24.437,6,6.29,R3
600887,伊利股份,2025-06-25,2025-07-22,26.384,26.954,25.635,19,2.16,R3
600887,伊利股份,2025-12-12,2025-12-19,27.268,28.191,25.886,5,3.39,R3
600893,航发动力,2024-12-19,2025-01-03,39.8,39.024,38.1,10,-1.95,R1
600893,航发动力,2025-02-05,2025-02-17,37.77,37.531,36.189,8,-0.63,R1
600900,长江电力,2023-06-28,2023-07-13,19.7,19.647,18.823,11,-0.27,R3
600900,长江电力,2023-10-26,2023-11-22,20.312,20.648,19.392,19,1.66,R4
600900,长江电力,2023-12-08,2023-12-14,20.576,20.93,19.575,4,1.72,R3
600900,长江电力,2024-09-18,2024-09-30,26.452,28.068,25.047,8,6.11,R3
600900,长江电力,2024-12-23,2024-12-24,27.62,27.844,26.242,1,0.81,R3
600900,长江电力,2024-12-31,2025-02-05,27.601,26.677,26.289,19,-3.35,R4
600900,长江电力,2025-03-05,2025-04-01,25.858,26.253,25.142,19,1.53,R4
600900,长江电力,2025-04-03,2025-04-08,26.724,27.335,25.687,2,2.29,R3
600900,长江电力,2025-10-30,2025-11-26,27.454,26.943,26.365,19,-1.86,R4
600901,江苏金租,2025-04-14,2025-04-28,4.663,5.019,4.462,10,7.63,R3
600901,江苏金租,2026-06-01,2026-06-18,6.325,6.05,6.096,13,-4.35,R1
600901,江苏金租,2026-07-13,2026-07-17,6.08,6.47,5.855,4,6.41,R3
600905,三峡能源,2024-12-06,2024-12-30,4.535,4.348,4.352,16,-4.12,R1
600905,三峡能源,2025-10-09,2025-11-05,4.34,4.27,4.139,19,-1.61,R4
600909,华安证券,2023-12-11,2023-12-20,4.625,4.437,4.467,7,-4.07,R1
600909,华安证券,2025-06-16,2025-06-25,5.514,5.803,5.339,7,5.24,R3
600918,中泰证券,2023-12-01,2023-12-13,7.122,6.916,6.925,8,-2.89,R1
600918,中泰证券,2025-02-26,2025-03-25,6.389,6.359,6.118,19,-0.46,R4
600919,江苏银行,2023-02-07,2023-03-06,5.836,5.725,5.605,19,-1.9,R4
600919,江苏银行,2023-03-15,2023-04-12,5.598,5.574,5.426,19,-0.42,R4
600919,江苏银行,2023-05-29,2023-06-27,5.954,5.764,5.664,19,-3.19,R4
600919,江苏银行,2023-06-28,2023-07-25,5.788,6.019,5.6,19,3.98,R4
600919,江苏银行,2023-08-25,2023-09-21,5.985,6.07,5.717,19,1.42,R4
600919,江苏银行,2023-11-06,2023-11-13,5.866,5.68,5.704,5,-3.18,R1
600919,江苏银行,2024-06-27,2024-07-09,6.643,6.95,6.344,8,4.63,R3
600919,江苏银行,2024-08-12,2024-08-19,6.796,7.194,6.601,5,5.85,R3
600919,江苏银行,2025-11-10,2025-11-18,10.556,10.186,10.276,6,-3.51,R1
600919,江苏银行,2026-02-26,2026-03-13,10.239,10.533,9.804,11,2.87,R3
600926,杭州银行,2025-04-15,2025-05-09,13.734,14.404,13.19,15,4.88,R3
600926,杭州银行,2025-12-30,2026-01-07,15.103,15.536,14.433,4,2.86,R3
600926,杭州银行,2026-05-25,2026-06-18,15.87,15.64,15.295,18,-1.45,R1
600927,永安期货,2026-02-27,2026-03-03,15.473,14.71,14.745,2,-4.93,R1
600927,永安期货,2026-03-06,2026-03-09,15.215,14.67,14.719,1,-3.58,R1
600958,东方证券,2023-09-18,2023-10-09,9.058,8.703,8.743,9,-3.92,R1
600958,东方证券,2025-01-14,2025-02-18,9.465,9.293,9.091,19,-1.82,R4
600958,东方证券,2025-05-12,2025-06-04,9.139,9.178,8.652,16,0.42,R3
600958,东方证券,2025-06-11,2025-06-25,9.206,9.522,8.754,10,3.43,R3
600958,东方证券,2025-07-03,2025-07-11,9.368,10.075,8.935,6,7.54,R3
600958,东方证券,2025-12-04,2025-12-17,10.016,10.798,9.659,9,7.81,R3
600968,海油发展,2023-10-16,2023-10-23,2.88,2.753,2.783,5,-4.4,R1
600968,海油发展,2024-12-03,2024-12-30,3.864,3.966,3.737,19,2.65,R4
600968,海油发展,2025-01-14,2025-01-17,3.883,4.199,3.753,3,8.15,R3
600968,海油发展,2025-01-27,2025-02-05,3.911,3.734,3.78,1,-4.52,R1
600968,海油发展,2026-04-23,2026-05-07,4.101,3.986,3.942,7,-2.81,R1
600968,海油发展,2026-05-13,2026-05-25,4.025,3.794,3.848,8,-5.73,R1
600985,淮北矿业,2024-07-01,2024-07-03,16.126,15.421,15.617,2,-4.37,R1
600989,宝丰能源,2023-07-25,2023-07-27,12.709,13.201,12.122,2,3.87,R3
600989,宝丰能源,2023-08-10,2023-08-23,13.034,12.421,12.466,9,-4.7,R1
600989,宝丰能源,2023-12-11,2024-01-03,13.266,13.926,12.601,16,4.97,R3
600989,宝丰能源,2024-01-12,2024-01-22,13.499,12.635,12.85,6,-6.4,R1
600989,宝丰能源,2024-01-25,2024-01-30,13.155,12.495,12.65,3,-5.01,R1
600989,宝丰能源,2024-08-09,2024-09-05,14.5,13.914,13.748,19,-4.04,R4
600989,宝丰能源,2024-10-22,2024-11-12,15.379,14.718,14.732,15,-4.3,R1
600989,宝丰能源,2024-11-15,2024-12-03,14.897,14.86,14.172,12,-0.25,R1
600989,宝丰能源,2024-12-06,2024-12-13,15.011,14.935,14.279,5,-0.5,R1
600989,宝丰能源,2024-12-23,2024-12-30,14.784,15.928,14.352,5,7.74,R3
600989,宝丰能源,2025-02-26,2025-03-10,15.313,16.41,14.78,8,7.16,R3
600989,宝丰能源,2025-06-05,2025-07-02,15.789,15.896,15.038,19,0.68,R4
600989,宝丰能源,2025-08-06,2025-08-21,15.275,15.76,14.849,11,3.18,R3
600995,南网储能,2026-05-27,2026-05-29,14.17,15.62,13.456,2,10.23,R3
600998,九州通,2024-02-05,2024-02-07,5.018,5.675,4.797,2,13.09,R3
600998,九州通,2024-05-27,2024-05-28,5.371,5.122,5.187,1,-4.63,R1
600999,招商证券,2023-06-08,2023-07-07,12.698,12.744,12.118,19,0.36,R4
600999,招商证券,2023-07-13,2023-07-25,12.863,13.208,12.538,8,2.68,R3
600999,招商证券,2023-09-11,2023-10-16,13.133,12.855,12.742,19,-2.12,R4
600999,招商证券,2023-10-17,2023-11-06,12.994,13.365,12.425,14,2.86,R3
600999,招商证券,2023-11-14,2023-12-11,13.356,13.217,12.755,19,-1.04,R4
600999,招商证券,2024-02-20,2024-03-18,13.124,13.217,12.574,19,0.71,R4
600999,招商证券,2024-03-21,2024-04-12,13.143,12.521,12.536,14,-4.73,R1
600999,招商证券,2024-06-04,2024-07-02,13.189,12.771,12.61,19,-3.17,R4
600999,招商证券,2025-01-14,2025-02-18,16.976,17.328,16.367,19,2.07,R4
600999,招商证券,2025-02-21,2025-03-13,17.652,16.976,16.99,14,-3.83,R1
600999,招商证券,2025-04-28,2025-05-23,16.092,15.55,15.578,16,-3.37,R1
600999,招商证券,2025-07-08,2025-07-18,16.691,17.297,16.212,8,3.63,R3
601001,晋控煤业,2024-07-22,2024-07-23,14.608,14.039,14.129,1,-3.89,R1
601006,大秦铁路,2023-01-11,2023-02-14,5.36,5.466,5.192,19,1.98,R4
601006,大秦铁路,2023-02-20,2023-02-21,5.483,5.54,5.279,1,1.04,R3
601006,大秦铁路,2023-09-04,2023-09-14,6.313,6.453,5.997,8,2.21,R3
601006,大秦铁路,2023-10-12,2023-11-08,6.357,6.183,6.076,19,-2.74,R4
601006,大秦铁路,2023-12-07,2023-12-08,6.331,6.383,6.081,1,0.83,R3
601006,大秦铁路,2023-12-22,2024-01-04,6.296,6.427,6.105,8,2.07,R3
601006,大秦铁路,2024-01-15,2024-02-19,6.427,6.61,6.131,19,2.85,R4
601006,大秦铁路,2024-03-15,2024-04-08,6.383,6.496,6.199,14,1.77,R3
601006,大秦铁路,2024-04-25,2024-04-29,6.549,6.122,6.23,2,-6.52,R1
601006,大秦铁路,2024-07-29,2024-07-30,6.448,6.484,6.195,1,0.57,R3
601006,大秦铁路,2024-08-01,2024-08-27,6.494,6.162,6.195,18,-5.1,R1
601006,大秦铁路,2024-11-13,2024-12-03,6.329,6.47,5.993,14,2.22,R3
601006,大秦铁路,2024-12-23,2025-01-09,6.433,6.011,6.125,12,-6.56,R1
601006,大秦铁路,2025-05-22,2025-06-19,6.283,6.254,6.086,19,-0.45,R4
601006,大秦铁路,2025-06-23,2025-07-18,6.273,6.149,6.061,19,-1.98,R4
601009,南京银行,2024-10-31,2024-11-26,9.297,9.964,8.819,18,7.17,R3
601009,南京银行,2025-03-27,2025-04-03,9.729,9.861,9.48,5,1.35,R3
601009,南京银行,2025-04-24,2025-05-22,9.823,10.227,9.511,17,4.11,R3
601009,南京银行,2025-08-28,2025-09-17,10.772,10.209,10.244,14,-5.23,R1
601009,南京银行,2025-11-19,2025-11-21,10.992,11.217,10.654,2,2.05,R3
601009,南京银行,2025-12-17,2026-01-09,11.139,10.629,10.723,15,-4.58,R1
601009,南京银行,2026-02-27,2026-03-17,11.041,11.316,10.569,12,2.49,R3
601009,南京银行,2026-03-26,2026-04-21,11.041,11.316,10.65,17,2.49,R3
601009,南京银行,2026-06-08,2026-06-10,11.149,11.433,10.662,2,2.55,R3
601018,宁波港,2025-03-21,2025-04-07,3.489,3.235,3.383,10,-7.28,R1
601018,宁波港,2025-04-09,2025-04-15,3.536,3.385,3.397,4,-4.26,R1
601018,宁波港,2025-05-29,2025-06-16,3.531,3.512,3.39,11,-0.55,R1
601018,宁波港,2025-08-07,2025-09-03,3.57,3.502,3.406,19,-1.9,R4
601018,宁波港,2025-09-09,2025-09-16,3.502,3.589,3.392,5,2.49,R3
601018,宁波港,2025-10-09,2025-11-05,3.56,3.686,3.447,19,3.52,R4
601018,宁波港,2025-11-28,2025-12-25,3.657,3.598,3.504,19,-1.6,R4
601018,宁波港,2026-01-20,2026-01-26,3.598,3.686,3.447,4,2.44,R3
601018,宁波港,2026-04-28,2026-05-15,3.754,3.569,3.574,10,-4.94,R1
601021,春秋航空,2023-04-27,2023-05-08,58.616,56.339,56.811,4,-3.88,R1
601021,春秋航空,2023-05-26,2023-06-01,54.362,52.307,52.449,4,-3.78,R1
601021,春秋航空,2023-07-03,2023-07-07,58.847,60.816,56.641,4,3.34,R3
601021,春秋航空,2023-07-24,2023-08-04,59.484,56.098,56.517,9,-5.69,R1
601021,春秋航空,2023-08-10,2023-08-21,59.233,55.481,56.291,7,-6.34,R1
601021,春秋航空,2025-01-08,2025-01-22,54.758,51.837,51.987,10,-5.33,R1
601058,赛轮轮胎,2023-11-23,2023-11-30,10.85,9.998,10.505,5,-7.86,R1
601058,赛轮轮胎,2024-01-09,2024-01-12,10.982,11.356,10.606,3,3.41,R3
601058,赛轮轮胎,2025-03-27,2025-04-03,14.181,12.487,13.703,5,-11.95,R1
601059,信达证券,2026-03-06,2026-03-23,17.48,16.37,16.568,11,-6.35,R1
601061,中信金属,2026-05-06,2026-05-07,14.118,14.475,13.659,1,2.53,R3
601066,中信建投,2023-03-17,2023-04-14,24.881,25.305,23.64,19,1.7,R4
601066,中信建投,2023-04-28,2023-05-08,24.343,25.844,23.645,3,6.17,R3
601066,中信建投,2023-12-08,2023-12-13,24.743,23.634,23.86,3,-4.48,R1
601066,中信建投,2025-01-21,2025-02-25,23.937,24.362,23.112,19,1.78,R4
601066,中信建投,2025-02-26,2025-03-13,25.083,23.966,24.012,11,-4.45,R1
601066,中信建投,2025-05-06,2025-05-22,23.156,23.136,22.279,12,-0.09,R1
601066,中信建投,2025-06-11,2025-07-08,23.373,23.897,22.443,19,2.24,R4
601066,中信建投,2025-11-10,2025-11-25,25.786,24.593,24.611,11,-4.63,R1
601066,中信建投,2026-01-05,2026-01-06,26.78,27.248,25.375,1,1.74,R3
601077,渝农商行,2023-06-27,2023-07-24,3.067,3.205,2.91,19,4.51,R4
601077,渝农商行,2024-09-20,2024-09-25,4.391,4.7,4.274,3,7.02,R3
601077,渝农商行,2025-11-27,2025-12-17,6.238,5.943,5.948,14,-4.73,R1
601077,渝农商行,2026-05-22,2026-06-15,6.709,6.65,6.37,16,-0.88,R1
601088,中国神华,2023-01-03,2023-02-06,22.011,22.097,21.355,19,0.39,R4
601088,中国神华,2023-03-07,2023-03-10,22.687,22.097,22.102,3,-2.6,R1
601088,中国神华,2023-03-13,2023-03-16,22.804,22.034,22.162,3,-3.38,R1
601088,中国神华,2023-06-27,2023-06-30,23.559,24.164,22.464,3,2.57,R3
601088,中国神华,2023-08-22,2023-09-04,23.557,25.32,22.693,9,7.49,R3
601088,中国神华,2024-08-23,2024-08-27,36.298,37.577,34.67,2,3.53,R3
601088,中国神华,2024-11-01,2024-11-11,37.01,35.487,35.694,6,-4.11,R1
601088,中国神华,2025-01-16,2025-01-21,35.775,34.432,34.541,3,-3.75,R1
601088,中国神华,2025-05-21,2025-06-18,36.136,35.343,34.35,19,-2.19,R4
601088,中国神华,2025-09-02,2025-09-29,36.391,36.572,34.843,19,0.5,R4
601088,中国神华,2025-12-17,2026-01-09,39.02,41.41,37.02,15,6.13,R3
601098,中南传媒,2023-08-22,2023-08-24,10.159,10.541,9.87,2,3.76,R3
601098,中南传媒,2024-07-25,2024-08-01,10.942,10.614,10.642,5,-3.0,R1
601098,中南传媒,2025-07-22,2025-08-18,12.567,12.415,11.902,19,-1.21,R4
601100,恒立液压,2023-03-29,2023-04-19,61.297,67.197,58.579,14,9.62,R3
601100,恒立液压,2023-06-30,2023-07-19,62.214,66.421,59.581,13,6.76,R3
601100,恒立液压,2023-09-01,2023-09-14,61.972,61.44,59.372,9,-0.86,R1
601100,恒立液压,2023-09-18,2023-10-10,62.378,57.349,59.488,10,-8.06,R1
601100,恒立液压,2025-01-09,2025-01-16,50.883,58.548,49.469,5,15.07,R3
601100,恒立液压,2026-07-15,2026-07-17,110.58,103.51,106.724,2,-6.39,R1
601108,财通证券,2023-05-30,2023-06-26,7.022,6.718,6.804,17,-4.32,R1
601108,财通证券,2023-12-01,2023-12-22,7.744,7.276,7.354,15,-6.04,R1
601108,财通证券,2025-12-05,2025-12-08,8.216,8.423,7.944,1,2.52,R3
601111,中国国航,2023-01-18,2023-02-03,10.64,10.03,10.113,7,-5.73,R1
601111,中国国航,2023-02-08,2023-02-13,10.23,10.87,9.835,3,6.26,R3
601111,中国国航,2023-03-29,2023-04-04,10.41,11.05,9.961,4,6.15,R3
601111,中国国航,2025-01-09,2025-02-05,7.58,7.11,7.23,13,-6.2,R1
601111,中国国航,2025-05-12,2025-05-21,7.53,7.91,7.188,7,5.05,R3
601117,中国化学,2025-01-24,2025-02-20,7.165,6.875,6.937,13,-4.04,R1
601138,工业富联,2024-11-20,2024-11-22,23.411,22.279,22.315,2,-4.83,R1
601155,新城控股,2025-05-19,2025-05-27,12.98,12.36,12.402,6,-4.78,R1
601158,重庆水务,2024-03-06,2024-04-01,5.071,5.254,4.881,18,3.6,R3
601166,兴业银行,2023-09-11,2023-10-16,13.759,13.751,13.135,19,-0.06,R4
601166,兴业银行,2024-04-10,2024-04-29,13.343,14.209,12.763,13,6.49,R3
601166,兴业银行,2024-08-08,2024-08-19,14.848,15.309,14.078,7,3.1,R3
601166,兴业银行,2024-09-06,2024-09-24,14.803,15.516,14.265,10,4.82,R3
601166,兴业银行,2025-09-23,2025-10-09,19.293,18.593,18.698,6,-3.63,R1
601166,兴业银行,2025-11-27,2025-12-24,20.219,19.879,19.168,19,-1.68,R4
601166,兴业银行,2025-12-26,2025-12-29,19.983,20.248,19.431,1,1.32,R3
601166,兴业银行,2026-01-06,2026-01-14,20.285,19.387,19.493,6,-4.43,R1
601168,西部矿业,2023-12-20,2023-12-22,11.617,12.064,11.023,2,3.85,R3
601169,北京银行,2023-01-13,2023-02-16,3.376,3.376,3.237,19,0.0,R4
601169,北京银行,2023-02-28,2023-03-01,3.439,3.455,3.259,1,0.46,R3
601169,北京银行,2023-06-28,2023-07-11,3.654,3.83,3.489,9,4.81,R3
601169,北京银行,2023-09-01,2023-09-28,3.855,3.94,3.66,19,2.21,R4
601169,北京银行,2023-10-12,2023-11-08,3.949,3.813,3.739,19,-3.45,R4
601169,北京银行,2023-11-30,2023-12-04,3.855,3.906,3.756,2,1.32,R3
601169,北京银行,2023-12-08,2023-12-21,3.864,3.745,3.757,9,-3.08,R1
601169,北京银行,2023-12-26,2024-01-03,3.77,3.898,3.62,5,3.39,R3
601169,北京银行,2024-01-12,2024-01-15,3.983,4.017,3.779,1,0.85,R3
601169,北京银行,2024-08-01,2024-08-16,4.837,4.981,4.655,11,2.98,R3
601169,北京银行,2024-09-19,2024-09-24,4.45,4.801,4.329,3,7.89,R3
601169,北京银行,2024-11-15,2024-12-09,5.035,5.287,4.82,16,5.01,R3
601169,北京银行,2025-03-13,2025-03-19,5.377,5.57,5.098,4,3.59,R3
601169,北京银行,2025-08-21,2025-08-27,5.945,5.747,5.755,4,-3.34,R1
601179,中国西电,2023-06-12,2023-06-26,5.082,5.014,4.844,8,-1.33,R1
601186,中国铁建,2023-01-16,2023-02-17,7.006,7.06,6.714,19,0.77,R4
601186,中国铁建,2023-09-11,2023-10-10,8.22,7.47,7.862,15,-9.12,R1
601186,中国铁建,2025-01-14,2025-02-18,8.244,8.109,7.872,19,-1.64,R4
601186,中国铁建,2025-08-21,2025-08-25,8.18,8.32,7.938,2,1.71,R3
601198,东兴证券,2023-07-25,2023-07-28,8.203,8.647,7.834,3,5.41,R3
601198,东兴证券,2023-09-22,2023-09-26,8.123,7.909,7.914,2,-2.63,R1
601198,东兴证券,2025-05-29,2025-06-09,10.159,10.721,9.658,6,5.53,R3
601211,国泰海通,2023-05-29,2023-06-27,13.063,12.742,12.517,19,-2.46,R4
601211,国泰海通,2023-06-30,2023-07-25,12.946,13.871,12.454,17,7.15,R3
601211,国泰海通,2023-09-04,2023-10-09,13.649,13.408,13.103,19,-1.76,R4
601211,国泰海通,2023-10-16,2023-11-06,13.399,14.149,12.693,15,5.59,R3
601211,国泰海通,2023-11-30,2023-12-27,13.973,13.584,13.339,19,-2.78,R4
601211,国泰海通,2024-01-15,2024-02-02,13.436,13.27,13.068,14,-1.24,R1
601211,国泰海通,2024-02-06,2024-03-12,13.612,13.88,13.129,19,1.97,R4
601211,国泰海通,2024-03-18,2024-03-25,13.88,13.288,13.371,5,-4.27,R1
601211,国泰海通,2025-02-21,2025-03-20,17.149,16.899,16.312,19,-1.45,R4
601211,国泰海通,2025-06-03,2025-06-05,17.139,17.686,16.646,2,3.19,R3
601211,国泰海通,2025-09-24,2025-10-29,18.233,19.055,17.718,19,4.51,R3
601211,国泰海通,2025-12-05,2025-12-08,19.349,19.986,18.508,1,3.29,R3
601212,白银有色,2024-07-05,2024-07-18,2.85,2.82,2.765,9,-1.05,R1
601216,君正集团,2023-06-02,2023-07-03,3.472,3.438,3.36,19,-0.95,R4
601216,君正集团,2025-05-14,2025-05-27,5.022,4.753,4.797,9,-5.35,R1
601216,君正集团,2025-07-18,2025-08-14,5.026,4.971,4.852,19,-1.1,R4
601225,陕西煤业,2023-02-14,2023-02-23,14.151,14.897,13.698,7,5.27,R3
601225,陕西煤业,2023-03-13,2023-04-10,14.837,14.679,14.048,19,-1.07,R1
601225,陕西煤业,2023-04-17,2023-05-08,15.116,15.742,14.368,12,4.14,R3
601225,陕西煤业,2023-05-15,2023-05-24,15.448,14.543,14.629,7,-5.86,R1
601225,陕西煤业,2024-09-13,2024-09-23,19.941,21.446,19.301,4,7.54,R3
601225,陕西煤业,2024-11-01,2024-11-11,22.637,21.135,21.459,6,-6.63,R1
601225,陕西煤业,2024-11-15,2024-12-04,21.162,22.412,20.29,13,5.91,R3
601225,陕西煤业,2024-12-16,2024-12-20,22.421,21.261,21.355,4,-5.17,R1
601225,陕西煤业,2025-09-23,2025-09-30,19.751,19.158,19.192,5,-3.0,R1
601225,陕西煤业,2026-01-20,2026-02-02,21.246,20.049,20.355,9,-5.64,R1
601225,陕西煤业,2026-05-15,2026-05-29,22.855,24.656,22.093,10,7.88,R3
601225,陕西煤业,2026-07-13,2026-07-14,23.95,24.55,22.718,1,2.51,R3
601228,广州港,2025-03-25,2025-04-07,3.209,2.965,3.114,8,-7.62,R1
601229,上海银行,2023-12-01,2023-12-27,5.01,5.043,4.778,18,0.67,R3
601229,上海银行,2024-09-06,2024-09-11,6.359,6.135,6.15,3,-3.52,R1
601229,上海银行,2025-08-01,2025-08-26,9.717,9.254,9.338,17,-4.77,R1
601229,上海银行,2025-09-11,2025-09-25,8.913,8.468,8.476,10,-4.99,R1
601229,上海银行,2025-11-27,2025-12-18,9.774,9.92,9.365,15,1.5,R3
601229,上海银行,2025-12-25,2026-01-23,9.725,9.129,9.292,19,-6.12,R1
601229,上海银行,2026-03-03,2026-03-17,9.627,9.813,9.157,10,1.93,R3
601229,上海银行,2026-04-23,2026-04-29,9.637,9.315,9.35,4,-3.34,R1
601231,环旭电子,2024-08-08,2024-08-22,14.301,15.196,13.871,10,6.25,R3
601236,红塔证券,2023-11-13,2023-12-06,7.61,7.241,7.289,17,-4.84,R1
601236,红塔证券,2025-02-06,2025-03-05,7.711,7.558,7.391,19,-1.99,R4
601236,红塔证券,2025-11-06,2025-11-21,8.61,8.278,8.331,11,-3.86,R1
601236,红塔证券,2025-12-05,2026-01-05,8.327,8.141,7.95,19,-2.23,R4
601238,广汽集团,2025-01-24,2025-02-06,8.577,9.026,8.13,3,5.23,R3
601238,广汽集团,2025-03-06,2025-03-25,8.737,8.388,8.393,13,-4.0,R1
601288,农业银行,2023-01-12,2023-02-15,2.403,2.394,2.281,19,-0.34,R4
601288,农业银行,2023-02-17,2023-03-03,2.403,2.444,2.292,10,1.71,R3
601288,农业银行,2023-12-12,2024-01-04,3.171,3.303,3.008,16,4.14,R3
601288,农业银行,2024-09-12,2024-09-24,4.14,4.435,3.948,6,7.14,R3
601288,农业银行,2024-11-15,2024-12-05,4.343,4.546,4.136,14,4.68,R3
601288,农业银行,2026-03-02,2026-03-23,6.356,6.346,6.133,15,-0.15,R1
601288,农业银行,2026-03-31,2026-04-02,6.572,6.787,6.269,2,3.28,R3
601288,农业银行,2026-04-13,2026-04-16,6.513,6.866,6.322,3,5.42,R3
601288,农业银行,2026-05-08,2026-05-26,6.768,6.42,6.44,12,-5.14,R1
601298,青岛港,2024-09-18,2024-09-19,8.265,7.735,7.845,1,-6.42,R1
601298,青岛港,2024-09-24,2024-09-30,8.161,8.72,7.886,4,6.85,R3
601298,青岛港,2024-10-14,2024-10-15,8.389,7.971,7.989,1,-4.97,R1
601298,青岛港,2025-07-14,2025-08-08,8.631,8.612,8.306,19,-0.22,R4
601298,青岛港,2025-09-23,2025-10-23,8.481,8.677,8.173,16,2.32,R3
601298,青岛港,2025-11-04,2025-11-18,8.559,8.539,8.286,10,-0.23,R1
601298,青岛港,2025-12-12,2026-01-12,8.51,8.37,8.257,19,-1.65,R4
601318,中国平安,2023-04-03,2023-04-17,38.151,39.654,37.026,9,3.94,R3
601318,中国平安,2023-06-15,2023-06-26,41.682,39.539,39.545,5,-5.14,R1
601318,中国平安,2023-10-25,2023-11-09,39.975,38.016,38.958,11,-4.9,R1
601318,中国平安,2025-01-23,2025-02-27,46.601,47.757,45.236,19,2.48,R4
601318,中国平安,2025-09-24,2025-10-16,52.631,55.23,50.764,10,4.94,R3
601318,中国平安,2026-04-20,2026-05-07,56.64,58.092,54.927,10,2.56,R3
601319,中国人保,2023-02-09,2023-03-02,4.672,4.865,4.537,15,4.12,R3
601319,中国人保,2023-03-15,2023-04-12,4.828,4.846,4.6,19,0.38,R4
601319,中国人保,2023-08-25,2023-09-05,5.564,5.545,5.291,7,-0.34,R1
601319,中国人保,2023-09-11,2023-10-11,5.611,5.338,5.361,16,-4.87,R1
601319,中国人保,2023-10-26,2023-10-30,5.215,5.027,5.052,2,-3.61,R1
601319,中国人保,2025-01-15,2025-01-24,6.589,6.999,6.333,7,6.23,R3
601319,中国人保,2025-02-14,2025-02-28,6.853,6.452,6.533,10,-5.85,R1
601319,中国人保,2025-05-06,2025-05-09,7.097,7.283,6.728,3,2.62,R3
601319,中国人保,2025-10-14,2025-10-16,8.103,8.48,7.871,2,4.65,R3
601319,中国人保,2025-11-25,2025-12-18,8.569,9.18,8.128,17,7.13,R3
601328,交通银行,2023-09-11,2023-09-19,4.779,4.926,4.535,6,3.07,R3
601328,交通银行,2023-12-04,2023-12-29,5.004,4.952,4.748,19,-1.03,R4
601328,交通银行,2024-01-02,2024-01-04,4.986,5.09,4.794,2,2.08,R3
601328,交通银行,2024-01-15,2024-01-26,5.03,5.15,4.817,9,2.4,R3
601328,交通银行,2024-11-01,2024-11-28,6.541,6.732,6.314,19,2.91,R4
601328,交通银行,2024-12-04,2024-12-24,6.668,7.003,6.402,14,5.03,R3
601328,交通银行,2025-01-08,2025-02-12,6.813,6.742,6.489,19,-1.05,R4
601328,交通银行,2025-02-27,2025-03-26,6.742,6.909,6.458,19,2.48,R4
601328,交通银行,2025-04-11,2025-04-16,6.844,7.215,6.542,3,5.43,R3
601328,交通银行,2025-07-31,2025-08-27,7.293,7.093,6.994,19,-2.75,R4
601328,交通银行,2025-11-10,2025-11-12,7.026,7.103,6.799,2,1.09,R3
601328,交通银行,2025-12-18,2026-01-14,7.112,6.861,6.863,17,-3.53,R1
601336,新华保险,2025-05-29,2025-06-04,48.528,50.41,46.149,3,3.88,R3
601377,兴业证券,2023-05-30,2023-06-26,5.809,5.546,5.571,17,-4.52,R1
601377,兴业证券,2023-09-08,2023-10-13,6.105,6.133,5.923,19,0.47,R4
601377,兴业证券,2023-10-17,2023-11-01,6.172,5.923,5.957,11,-4.02,R1
601377,兴业证券,2023-11-03,2023-11-27,5.952,5.923,5.784,16,-0.48,R1
601377,兴业证券,2025-01-14,2025-02-18,5.794,5.902,5.629,19,1.86,R4
601377,兴业证券,2025-04-25,2025-05-27,5.735,5.598,5.471,19,-2.39,R4
601390,中国中铁,2023-09-27,2023-10-10,6.266,5.749,5.942,3,-8.25,R1
601398,工商银行,2023-08-22,2023-09-18,4.044,4.062,3.832,19,0.43,R4
601398,工商银行,2023-10-10,2023-10-12,4.097,4.237,3.929,2,3.42,R3
601398,工商银行,2023-11-01,2023-11-28,4.175,4.193,3.971,19,0.42,R4
601398,工商银行,2023-11-30,2023-12-27,4.21,4.228,3.988,19,0.42,R4
601398,工商银行,2024-01-03,2024-01-04,4.237,4.28,4.021,1,1.03,R3
601398,工商银行,2024-01-15,2024-01-24,4.254,4.35,4.038,7,2.26,R3
601398,工商银行,2024-09-13,2024-09-24,5.123,5.528,4.946,5,7.91,R3
601398,工商银行,2025-09-23,2025-10-22,7.105,7.45,6.822,15,4.86,R3
601398,工商银行,2026-01-12,2026-01-21,7.564,7.183,7.269,7,-5.04,R1
601398,工商银行,2026-01-29,2026-02-25,7.095,6.89,6.898,13,-2.89,R1
601398,工商银行,2026-03-26,2026-03-31,7.251,7.466,6.983,3,2.96,R3
601398,工商银行,2026-04-13,2026-05-06,7.203,7.193,7.019,14,-0.14,R1
601398,工商银行,2026-05-08,2026-05-28,7.29,7.04,7.07,14,-3.44,R1
601398,工商银行,2026-06-05,2026-06-09,7.34,7.54,7.11,2,2.72,R3
601398,工商银行,2026-06-23,2026-06-30,7.38,7.07,7.092,5,-4.2,R1
601399,国机重装,2025-03-14,2025-03-21,2.94,3.07,2.83,5,4.42,R3
601512,中新集团,2026-04-21,2026-04-22,9.133,10.048,8.779,1,10.02,R3
601555,东吴证券,2023-12-07,2023-12-25,7.032,6.636,6.679,12,-5.63,R1
601555,东吴证券,2025-05-29,2025-06-04,7.612,7.851,7.339,3,3.14,R3
601577,长沙银行,2024-02-29,2024-03-27,6.795,6.847,6.461,19,0.77,R4
601577,长沙银行,2025-04-11,2025-05-13,8.236,8.767,7.797,19,6.44,R3
601577,长沙银行,2025-09-24,2025-10-15,8.699,9.12,8.271,9,4.85,R3
601577,长沙银行,2025-10-31,2025-11-03,9.335,9.491,9.045,1,1.67,R3
601577,长沙银行,2025-11-20,2025-12-17,9.588,9.325,9.15,19,-2.75,R4
601577,长沙银行,2026-01-20,2026-01-29,9.13,9.481,8.757,7,3.85,R3
601577,长沙银行,2026-03-10,2026-03-16,9.306,9.735,9.068,4,4.61,R3
601577,长沙银行,2026-03-25,2026-04-13,9.471,9.091,9.116,12,-4.02,R1
601598,中国外运,2026-04-10,2026-05-12,6.101,5.945,5.782,19,-2.55,R4
601600,中国铝业,2023-06-08,2023-06-16,5.27,5.506,4.999,6,4.46,R3
601601,中国太保,2023-07-12,2023-07-13,24.803,25.795,23.809,1,4.0,R3
601601,中国太保,2023-08-28,2023-09-04,25.335,27.4,24.471,5,8.15,R3
601601,中国太保,2025-03-13,2025-03-14,28.642,30.849,27.342,1,7.71,R3
601601,中国太保,2025-09-24,2025-10-15,33.635,35.532,31.85,9,5.64,R3
601601,中国太保,2026-04-08,2026-04-09,38.421,36.871,37.23,1,-4.04,R1
601607,上海医药,2023-02-13,2023-02-21,17.03,17.483,16.18,6,2.66,R3
601607,上海医药,2023-06-27,2023-06-30,19.116,20.332,18.19,3,6.36,R3
601607,上海医药,2023-07-17,2023-08-02,19.18,18.375,18.522,12,-4.2,R1
601607,上海医药,2023-08-28,2023-08-30,17.833,16.506,17.379,2,-7.44,R1
601607,上海医药,2025-03-27,2025-03-31,18.608,17.774,17.986,2,-4.48,R1
601607,上海医药,2025-08-05,2025-08-25,18.708,18.952,18.195,14,1.3,R3
601618,中国中冶,2023-09-19,2023-10-10,3.527,3.23,3.344,9,-8.42,R1
601628,中国人寿,2023-03-17,2023-04-14,32.201,31.556,30.713,19,-2.01,R4
601628,中国人寿,2023-07-03,2023-07-06,33.905,32.969,33.057,3,-2.76,R1
601628,中国人寿,2023-07-14,2023-07-20,32.274,30.375,30.583,4,-5.88,R1
601628,中国人寿,2023-07-25,2023-07-28,31.808,34.609,30.676,3,8.81,R3
601628,中国人寿,2023-08-15,2023-08-21,34.628,32.805,33.014,4,-5.26,R1
601628,中国人寿,2023-09-18,2023-10-10,34.135,33.907,33.262,10,-0.67,R1
601628,中国人寿,2023-10-11,2023-10-19,34.439,34.182,33.559,6,-0.74,R1
601628,中国人寿,2025-02-07,2025-03-03,39.173,37.142,37.199,16,-5.18,R1
601628,中国人寿,2025-05-06,2025-05-07,35.585,36.33,34.518,1,2.09,R3
601628,中国人寿,2026-03-06,2026-03-23,41.984,38.768,39.745,11,-7.66,R1
601633,长城汽车,2024-06-17,2024-07-03,24.295,23.338,23.648,12,-3.94,R1
601633,长城汽车,2025-01-09,2025-01-22,23.96,23.683,23.176,9,-1.16,R1
601633,长城汽车,2025-02-06,2025-02-13,24.008,23.855,23.259,5,-0.64,R1
601633,长城汽车,2025-02-14,2025-02-20,24.716,23.922,24.043,4,-3.21,R1
601633,长城汽车,2025-02-27,2025-03-12,24.64,25.607,23.484,9,3.92,R3
601633,长城汽车,2025-03-27,2025-04-01,25.54,24.602,24.694,3,-3.67,R1
601633,长城汽车,2025-09-30,2025-10-14,24.036,22.902,23.288,4,-4.72,R1
601658,邮储银行,2023-07-03,2023-07-25,4.093,4.302,3.98,16,5.11,R3
601658,邮储银行,2023-08-15,2023-09-11,4.293,4.232,4.068,19,-1.41,R4
601658,邮储银行,2023-09-13,2023-09-19,4.25,4.388,4.129,4,3.27,R3
601658,邮储银行,2023-10-12,2023-10-17,4.388,4.466,4.187,3,1.78,R3
601658,邮储银行,2023-11-02,2023-11-13,4.05,3.929,3.934,7,-3.0,R1
601658,邮储银行,2024-02-05,2024-02-06,4.128,4.215,3.941,1,2.1,R3
601658,邮储银行,2024-02-19,2024-02-23,4.163,4.328,3.992,4,3.96,R3
601658,邮储银行,2024-03-01,2024-03-28,4.198,4.128,4.008,19,-1.65,R4
601658,邮储银行,2024-08-13,2024-08-16,4.394,4.531,4.174,3,3.12,R3
601658,邮储银行,2025-02-11,2025-02-18,4.947,5.144,4.683,5,3.98,R3
601658,邮储银行,2025-02-27,2025-03-26,4.985,5.022,4.733,19,0.75,R4
601658,邮储银行,2025-04-11,2025-04-18,4.788,5.004,4.541,5,4.51,R3
601658,邮储银行,2025-04-22,2025-05-14,4.966,5.137,4.829,13,3.45,R3
601658,邮储银行,2025-05-21,2025-06-18,5.118,5.281,4.859,19,3.18,R3
601658,邮储银行,2025-10-14,2025-10-23,5.463,5.751,5.302,7,5.26,R3
601658,邮储银行,2025-11-04,2025-12-01,5.674,5.463,5.378,19,-3.72,R4
601665,齐鲁银行,2024-08-15,2024-08-19,4.197,4.371,4.018,2,4.15,R3
601668,中国建筑,2023-02-09,2023-02-21,4.464,4.735,4.232,8,6.07,R3
601668,中国建筑,2023-07-05,2023-07-21,4.925,4.71,4.766,12,-4.35,R1
601668,中国建筑,2023-08-16,2023-08-24,5.087,4.779,4.887,6,-6.06,R1
601668,中国建筑,2023-09-13,2023-10-10,4.865,4.471,4.614,13,-8.1,R1
601668,中国建筑,2025-01-24,2025-02-28,5.037,4.937,4.777,19,-1.97,R4
601668,中国建筑,2025-05-20,2025-06-17,5.19,5.181,4.955,19,-0.17,R4
601668,中国建筑,2025-08-20,2025-09-05,5.204,5.176,4.993,12,-0.54,R1
601668,中国建筑,2025-09-09,2025-09-17,5.214,5.346,5.034,6,2.53,R3
601668,中国建筑,2025-09-24,2025-10-23,5.214,5.393,5.067,15,3.44,R3
601688,华泰证券,2023-12-07,2023-12-20,13.361,12.856,12.889,9,-3.78,R1
601688,华泰证券,2025-04-17,2025-05-07,15.173,15.993,14.475,11,5.41,R3
601688,华泰证券,2025-06-23,2025-06-25,16.657,17.555,16.168,2,5.39,R3
601689,拓普集团,2023-12-29,2024-01-03,49.319,46.225,46.734,2,-6.27,R1
601698,中国卫通,2023-11-28,2023-12-05,18.397,17.76,17.809,5,-3.47,R1
601727,上海电气,2023-09-25,2023-10-20,4.73,4.49,4.51,13,-5.07,R1
601727,上海电气,2023-10-26,2023-11-22,4.47,4.45,4.299,19,-0.45,R4
601727,上海电气,2023-11-27,2023-12-05,4.52,4.33,4.338,6,-4.2,R1
601727,上海电气,2024-04-15,2024-04-30,4.45,4.31,4.337,11,-3.15,R1
601728,中国电信,2023-09-22,2023-10-18,5.5,5.573,5.249,12,1.32,R3
601728,中国电信,2024-08-14,2024-08-21,5.365,5.716,5.117,5,6.55,R3
601728,中国电信,2025-06-16,2025-07-11,7.456,7.235,7.088,19,-2.97,R4
601766,中国中车,2023-09-20,2023-10-16,5.439,5.178,5.19,12,-4.8,R1
601766,中国中车,2025-02-07,2025-03-06,7.147,7.252,6.78,19,1.47,R4
601766,中国中车,2025-03-14,2025-03-31,7.204,6.764,6.949,11,-6.12,R1
601766,中国中车,2025-09-30,2025-10-09,7.361,7.677,7.103,1,4.28,R3
601777,千里科技,2025-07-10,2025-08-06,8.46,8.76,8.045,19,3.55,R4
601777,千里科技,2025-12-08,2026-01-06,10.42,11.41,10.108,19,9.5,R3
601788,光大证券,2023-09-19,2023-10-23,16.183,15.401,15.425,18,-4.83,R1
601788,光大证券,2023-12-01,2023-12-08,15.71,15.074,15.124,5,-4.05,R1
601788,光大证券,2024-05-10,2024-05-28,15.941,15.334,15.336,12,-3.81,R1
601788,光大证券,2025-01-21,2025-02-25,17.078,17.265,16.401,19,1.1,R4
601788,光大证券,2025-05-12,2025-05-23,16.386,15.932,15.968,9,-2.77,R1
601788,光大证券,2025-11-06,2025-11-21,18.483,17.38,17.701,11,-5.97,R1
601799,星宇股份,2023-12-27,2024-01-02,128.115,124.079,124.684,3,-3.15,R1
601799,星宇股份,2024-04-01,2024-04-16,137.114,128.81,131.09,9,-6.06,R1
601799,星宇股份,2024-04-17,2024-04-26,132.402,124.088,125.678,7,-6.28,R1
601799,星宇股份,2024-05-17,2024-05-20,130.51,126.734,127.164,1,-2.89,R1
601799,星宇股份,2025-01-08,2025-02-12,130.308,128.112,124.966,19,-1.69,R4
601800,中国交建,2023-05-29,2023-06-16,9.166,10.069,8.811,14,9.85,R3
601800,中国交建,2023-08-22,2023-08-24,10.39,9.073,9.842,2,-12.68,R1
601800,中国交建,2023-09-01,2023-09-15,8.815,8.355,8.48,10,-5.22,R1
601800,中国交建,2025-01-14,2025-02-18,9.165,9.138,8.912,19,-0.3,R4
601800,中国交建,2025-04-03,2025-04-07,9.012,8.402,8.619,1,-6.77,R1
601800,中国交建,2025-04-08,2025-04-21,8.954,8.935,8.628,9,-0.22,R1
601800,中国交建,2025-04-22,2025-04-28,9.012,8.664,8.671,4,-3.87,R1
601800,中国交建,2025-08-07,2025-08-22,9.148,9.453,8.694,11,3.34,R3
601808,中海油服,2023-02-13,2023-02-27,15.252,14.717,14.729,10,-3.51,R1
601808,中海油服,2023-05-08,2023-05-10,15.609,14.304,14.989,2,-8.36,R1
601816,京沪高铁,2023-06-28,2023-07-25,5.071,5.28,4.807,19,4.12,R4
601816,京沪高铁,2023-08-04,2023-08-31,5.204,4.852,4.935,19,-6.76,R1
601816,京沪高铁,2023-09-13,2023-10-10,4.833,4.681,4.707,13,-3.15,R1
601816,京沪高铁,2024-04-25,2024-05-27,4.976,4.938,4.788,19,-0.76,R4
601816,京沪高铁,2024-11-04,2024-11-29,5.42,5.566,5.16,19,2.69,R4
601816,京沪高铁,2025-03-04,2025-03-31,5.314,5.411,5.173,19,1.83,R4
601816,京沪高铁,2025-04-01,2025-04-09,5.479,5.867,5.222,5,7.09,R3
601816,京沪高铁,2025-05-07,2025-06-04,5.741,5.615,5.472,19,-2.2,R4
601816,京沪高铁,2025-06-12,2025-07-09,5.556,5.576,5.375,19,0.35,R4
601818,光大银行,2023-04-04,2023-04-17,2.51,2.601,2.4,8,3.62,R3
601818,光大银行,2023-05-29,2023-06-12,2.634,2.618,2.496,10,-0.63,R1
601818,光大银行,2023-06-27,2023-07-24,2.519,2.603,2.416,19,3.36,R4
601818,光大银行,2023-08-25,2023-09-21,2.691,2.709,2.55,19,0.65,R4
601818,光大银行,2023-09-22,2023-10-27,2.718,2.639,2.574,19,-2.91,R4
601818,光大银行,2023-11-02,2023-11-29,2.621,2.524,2.507,19,-3.69,R4
601818,光大银行,2024-01-12,2024-01-16,2.612,2.656,2.534,2,1.68,R3
601818,光大银行,2024-01-19,2024-01-25,2.639,2.7,2.566,4,2.33,R3
601818,光大银行,2024-04-15,2024-05-15,2.709,2.779,2.608,19,2.6,R4
601818,光大银行,2024-06-19,2024-07-02,2.744,2.867,2.619,9,4.49,R3
601818,光大银行,2024-08-08,2024-08-19,2.91,3.021,2.755,7,3.82,R3
601818,光大银行,2024-09-05,2024-09-24,2.845,3.04,2.77,11,6.84,R3
601818,光大银行,2025-04-11,2025-04-28,3.475,3.703,3.376,11,6.58,R3
601818,光大银行,2025-08-21,2025-08-29,3.862,3.668,3.715,6,-5.03,R1
601818,光大银行,2025-09-11,2025-09-16,3.59,3.445,3.491,3,-4.05,R1
601825,沪农商行,2025-02-27,2025-03-26,7.453,7.593,7.075,19,1.88,R4
601825,沪农商行,2025-09-19,2025-10-15,8.05,8.447,7.77,12,4.93,R3
601825,沪农商行,2025-11-20,2025-11-28,8.847,9.199,8.524,6,3.97,R3
601825,沪农商行,2025-12-29,2026-01-21,8.925,8.398,8.476,15,-5.91,R1
601825,沪农商行,2026-03-24,2026-04-02,8.681,9.033,8.374,7,4.05,R3
601825,沪农商行,2026-04-24,2026-05-11,8.916,8.398,8.479,8,-5.81,R1
601838,成都银行,2024-08-14,2024-08-19,12.886,13.758,12.279,3,6.77,R3
601838,成都银行,2024-09-12,2024-09-24,12.032,12.859,11.432,6,6.87,R3
601838,成都银行,2025-03-03,2025-03-18,14.675,15.338,13.961,11,4.52,R3
601857,中国石油,2023-02-09,2023-02-20,4.287,4.345,4.134,7,1.35,R3
601857,中国石油,2023-10-24,2023-10-25,6.794,6.418,6.446,1,-5.54,R1
601857,中国石油,2023-12-19,2023-12-26,5.927,6.12,5.665,5,3.25,R3
601857,中国石油,2024-08-07,2024-08-27,7.697,8.351,7.319,14,8.5,R3
601857,中国石油,2024-10-18,2024-10-30,7.867,7.471,7.489,8,-5.04,R1
601857,中国石油,2025-01-06,2025-01-21,8.208,7.784,7.788,11,-5.16,R1
601857,中国石油,2025-09-25,2025-10-20,7.915,8.382,7.595,11,5.9,R3
601868,中国能建,2025-01-14,2025-02-18,2.193,2.223,2.102,19,1.35,R4
601868,中国能建,2025-04-18,2025-05-20,2.243,2.203,2.146,19,-1.76,R4
601868,中国能建,2025-06-11,2025-07-07,2.213,2.233,2.154,18,0.89,R3
601868,中国能建,2025-12-12,2026-01-08,2.35,2.4,2.27,17,2.13,R3
601872,招商轮船,2023-01-11,2023-01-18,5.238,5.556,5.101,5,6.07,R3
601872,招商轮船,2023-02-20,2023-03-01,6.262,6.73,6.007,7,7.48,R3
601872,招商轮船,2023-03-30,2023-04-03,6.245,5.697,5.935,2,-8.77,R1
601872,招商轮船,2024-01-12,2024-01-15,5.877,6.077,5.574,1,3.41,R3
601872,招商轮船,2024-07-18,2024-07-25,7.344,7.23,7.145,5,-1.55,R1
601872,招商轮船,2024-08-26,2024-08-29,7.746,7.277,7.424,3,-6.06,R1
601877,正泰电器,2025-01-14,2025-02-17,20.337,22.395,19.362,18,10.12,R3
601877,正泰电器,2025-06-03,2025-06-13,20.956,21.763,19.844,8,3.85,R3
601877,正泰电器,2025-06-20,2025-06-27,21.773,22.331,21.131,5,2.56,R3
601878,浙商证券,2023-11-14,2023-11-21,10.017,10.617,9.609,5,5.99,R3
601880,辽港股份,2025-12-05,2026-01-05,1.596,1.577,1.514,19,-1.23,R4
601881,中国银河,2023-04-27,2023-04-28,9.108,9.928,8.773,1,9.0,R3
601881,中国银河,2024-01-16,2024-01-22,10.694,10.046,10.333,4,-6.06,R1
601881,中国银河,2025-01-20,2025-02-17,13.335,14.29,12.67,14,7.16,R3
601881,中国银河,2025-05-29,2025-06-11,15.371,16.336,14.679,8,6.28,R3
601881,中国银河,2025-09-24,2025-10-10,16.447,17.482,15.961,6,6.29,R3
601881,中国银河,2025-11-06,2025-11-17,17.053,16.241,16.366,7,-4.76,R1
601898,中煤能源,2023-01-03,2023-01-04,7.685,7.38,7.417,1,-3.96,R1
601898,中煤能源,2023-01-11,2023-01-17,7.667,7.45,7.46,4,-2.83,R1
601898,中煤能源,2023-05-15,2023-05-25,8.076,7.772,7.834,8,-3.77,R1
601898,中煤能源,2024-07-16,2024-07-23,11.121,10.629,10.812,5,-4.43,R1
601898,中煤能源,2024-08-07,2024-08-12,11.212,11.768,10.868,3,4.96,R3
601898,中煤能源,2024-11-15,2024-11-22,12.335,12.315,11.733,5,-0.16,R1
601898,中煤能源,2024-12-03,2024-12-13,12.228,12.19,11.8,8,-0.32,R1
601898,中煤能源,2024-12-30,2025-01-07,11.687,11.166,11.186,5,-4.46,R1
601899,紫金矿业,2023-06-27,2023-07-13,11.02,11.803,10.622,12,7.1,R3
601899,紫金矿业,2023-10-12,2023-10-19,11.586,11.096,11.198,5,-4.23,R1
601899,紫金矿业,2023-11-13,2023-12-07,11.218,11.124,10.645,18,-0.84,R1
601899,紫金矿业,2024-01-16,2024-01-23,11.539,10.924,11.036,5,-5.33,R1
601899,紫金矿业,2024-11-27,2024-12-13,15.111,15.005,14.422,12,-0.7,R1
601901,方正证券,2023-04-27,2023-05-09,6.677,7.067,6.472,5,5.84,R3
601901,方正证券,2023-09-08,2023-10-13,6.989,6.999,6.663,19,0.14,R4
601901,方正证券,2024-01-16,2024-01-22,7.282,6.823,6.989,4,-6.3,R1
601901,方正证券,2025-02-06,2025-02-28,7.815,7.776,7.598,16,-0.5,R1
601916,浙商银行,2024-06-18,2024-07-01,2.442,2.562,2.369,9,4.89,R3
601916,浙商银行,2024-07-29,2024-08-23,2.58,2.516,2.449,19,-2.48,R4
601916,浙商银行,2025-01-14,2025-02-18,2.598,2.662,2.514,19,2.46,R4
601916,浙商银行,2025-02-27,2025-03-17,2.626,2.662,2.531,12,1.39,R3
601916,浙商银行,2025-12-26,2026-01-21,2.917,2.831,2.844,16,-2.95,R1
601919,中远海控,2023-10-12,2023-11-08,7.633,7.641,7.248,19,0.1,R4
601919,中远海控,2023-11-10,2023-12-07,7.664,7.87,7.447,19,2.68,R4
601919,中远海控,2023-12-11,2023-12-18,7.894,8.399,7.509,5,6.41,R3
601919,中远海控,2025-03-31,2025-04-07,12.7,11.12,12.302,4,-12.44,R1
601919,中远海控,2025-05-06,2025-05-07,12.708,12.918,12.209,1,1.65,R3
601919,中远海控,2025-09-11,2025-09-22,14.057,13.451,13.485,7,-4.31,R1
601919,中远海控,2025-09-30,2025-10-27,13.367,14.397,12.906,13,7.7,R3
601919,中远海控,2025-12-01,2025-12-18,14.639,14.881,13.926,13,1.65,R3
601919,中远海控,2025-12-30,2026-01-16,14.784,13.98,14.012,11,-5.44,R1
601919,中远海控,2026-01-22,2026-02-26,14.087,14.59,13.399,19,3.57,R4
601919,中远海控,2026-04-02,2026-04-20,14.716,14.116,14.121,11,-4.08,R1
601921,浙版传媒,2026-01-05,2026-01-12,7.86,8.044,7.454,5,2.35,R3
601939,建设银行,2023-01-13,2023-02-16,4.602,4.545,4.381,19,-1.24,R4
601939,建设银行,2023-06-29,2023-07-26,5.059,5.162,4.806,19,2.04,R4
601939,建设银行,2023-09-13,2023-09-14,5.284,5.353,5.051,1,1.32,R3
601939,建设银行,2026-04-13,2026-04-20,9.134,9.536,8.71,5,4.4,R3
601958,金钼股份,2023-09-01,2023-09-20,10.576,10.492,10.047,13,-0.8,R1
601958,金钼股份,2024-06-20,2024-07-09,10.099,10.71,9.634,13,6.05,R3
601958,金钼股份,2024-11-27,2024-12-24,10.254,10.158,9.937,19,-0.95,R4
601958,金钼股份,2024-12-30,2024-12-31,10.08,9.75,9.787,1,-3.27,R1
601958,金钼股份,2025-11-27,2025-12-19,13.77,14.71,13.038,16,6.83,R3
601985,中国核电,2023-10-26,2023-11-22,6.889,6.643,6.535,19,-3.57,R4
601985,中国核电,2023-12-18,2023-12-27,6.946,7.068,6.642,7,1.77,R3
601985,中国核电,2024-09-10,2024-09-11,9.812,9.303,9.481,1,-5.19,R1
601988,中国银行,2023-09-13,2023-10-12,3.227,3.401,3.132,15,5.42,R3
601988,中国银行,2023-10-27,2023-11-23,3.401,3.463,3.231,19,1.8,R4
601988,中国银行,2024-06-04,2024-06-27,3.882,4.031,3.691,16,3.83,R3
601988,中国银行,2025-06-16,2025-06-23,5.168,5.437,5.022,5,5.2,R3
601988,中国银行,2025-07-30,2025-08-07,5.313,5.495,5.139,6,3.44,R3
601988,中国银行,2025-08-19,2025-09-15,5.341,5.245,5.17,19,-1.8,R4
601988,中国银行,2025-09-23,2025-10-22,5.092,5.245,4.94,15,3.02,R3
601988,中国银行,2025-11-03,2025-11-04,5.457,5.505,5.187,1,0.88,R3
601988,中国银行,2025-11-11,2025-11-12,5.457,5.534,5.188,1,1.41,R3
601988,中国银行,2025-12-17,2026-01-15,5.495,5.318,5.271,19,-3.21,R4
601988,中国银行,2026-01-20,2026-01-23,5.328,5.162,5.187,3,-3.12,R1
601988,中国银行,2026-03-25,2026-03-30,5.436,5.553,5.247,3,2.16,R3
601988,中国银行,2026-05-12,2026-06-08,5.622,6.014,5.354,19,6.97,R3
601988,中国银行,2026-07-06,2026-07-13,5.524,5.92,5.335,5,7.17,R3
601990,南京证券,2024-05-09,2024-05-13,7.964,8.061,7.67,2,1.22,R3
601990,南京证券,2025-07-21,2025-07-24,8.241,8.398,7.803,3,1.91,R3
601990,南京证券,2025-08-05,2025-08-13,8.172,8.45,7.796,6,3.41,R3
601991,大唐发电,2023-03-23,2023-04-06,2.96,2.798,2.803,9,-5.48,R1
601991,大唐发电,2024-11-28,2024-12-25,2.712,2.829,2.629,19,4.29,R4
601991,大唐发电,2025-12-19,2025-12-24,3.52,3.65,3.371,3,3.69,R3
601995,中金公司,2023-12-11,2023-12-20,39.925,36.829,37.979,7,-7.76,R1
601995,中金公司,2025-05-06,2025-05-22,33.197,33.117,31.64,12,-0.24,R1
601995,中金公司,2025-06-16,2025-07-11,34.381,36.222,32.744,19,5.35,R3
601997,贵阳银行,2023-09-14,2023-10-19,4.754,4.488,4.522,19,-5.6,R1
601998,中信银行,2023-07-24,2023-07-28,4.931,5.252,4.681,4,6.5,R3
601998,中信银行,2023-11-09,2023-12-06,4.714,4.541,4.527,19,-3.68,R4
601998,中信银行,2024-01-12,2024-01-16,4.844,4.974,4.688,2,2.68,R3
601998,中信银行,2024-01-23,2024-01-25,4.87,5.156,4.681,2,5.87,R3
601998,中信银行,2024-06-17,2024-07-02,5.598,6.049,5.353,11,8.05,R3
601998,中信银行,2024-11-14,2024-12-04,6.033,6.525,5.728,14,8.16,R3
601998,中信银行,2025-01-27,2025-02-28,6.204,6.447,5.911,18,3.92,R3
601998,中信银行,2025-09-02,2025-09-17,7.61,7.248,7.251,11,-4.76,R1
601998,中信银行,2025-09-26,2025-10-16,7.048,7.467,6.707,8,5.95,R3
601998,中信银行,2025-11-25,2025-12-08,7.714,7.45,7.493,9,-3.41,R1
601998,中信银行,2025-12-18,2026-01-16,7.323,7.421,6.984,19,1.33,R4
603156,养元饮品,2024-12-10,2024-12-11,19.656,20.161,19.082,1,2.57,R3
603195,公牛集团,2023-05-04,2023-05-22,44.385,46.129,42.711,12,3.93,R3
603195,公牛集团,2023-06-02,2023-06-26,45.302,43.246,43.568,14,-4.54,R1
603195,公牛集团,2024-07-08,2024-07-23,48.937,46.43,46.845,11,-5.12,R1
603195,公牛集团,2024-10-25,2024-11-21,49.761,48.627,48.002,19,-2.28,R4
603195,公牛集团,2024-11-27,2024-12-12,47.479,49.9,45.612,11,5.1,R3
603198,迎驾贡酒,2023-05-09,2023-05-11,55.976,53.707,54.227,2,-4.05,R1
603198,迎驾贡酒,2024-03-21,2024-04-08,61.485,57.12,58.562,10,-7.1,R1
603198,迎驾贡酒,2024-06-04,2024-06-11,62.109,57.611,58.849,4,-7.24,R1
603218,日月股份,2023-05-25,2023-05-29,21.538,20.743,20.825,2,-3.69,R1
603260,合盛硅业,2025-01-14,2025-02-11,52.113,54.879,49.445,14,5.31,R3
603260,合盛硅业,2025-02-20,2025-03-19,55.404,55.275,53.065,19,-0.23,R4
603260,合盛硅业,2025-08-06,2025-08-14,53.471,51.111,51.148,6,-4.41,R1
603288,海天味业,2025-01-17,2025-02-05,40.06,38.265,38.345,7,-4.48,R1
603288,海天味业,2025-05-07,2025-05-13,40.816,39.72,39.749,4,-2.68,R1
603288,海天味业,2025-08-29,2025-09-23,39.921,37.859,37.906,17,-5.16,R1
603298,杭叉集团,2026-05-21,2026-05-28,27.164,25.49,25.742,5,-6.16,R1
603338,浙江鼎力,2023-06-21,2023-06-30,49.242,52.019,47.637,5,5.64,R3
603369,今世缘,2023-05-26,2023-05-31,52.784,50.291,50.78,3,-4.72,R1
603369,今世缘,2023-08-17,2023-09-04,54.911,59.523,52.095,12,8.4,R3
603369,今世缘,2023-10-25,2023-11-06,51.836,51.36,49.394,8,-0.92,R1
603392,万泰生物,2024-06-11,2024-06-19,67.24,64.92,65.013,6,-3.45,R1
603392,万泰生物,2024-07-31,2024-08-26,68.89,72.71,65.536,18,5.55,R3
603392,万泰生物,2024-09-10,2024-09-26,68.7,73.04,66.242,10,6.32,R3
603392,万泰生物,2025-01-03,2025-01-07,70.68,67.72,67.881,2,-4.19,R1
603392,万泰生物,2025-02-25,2025-02-26,71.67,68.1,69.874,1,-4.98,R1
603392,万泰生物,2025-05-29,2025-06-04,69.44,71.24,67.101,3,2.59,R3
603486,科沃斯,2025-11-20,2025-12-02,79.446,76.548,76.657,8,-3.65,R1
603565,中谷物流,2025-12-12,2025-12-29,10.192,9.958,9.845,11,-2.3,R1
603568,伟明环保,2025-03-28,2025-04-07,16.8,14.649,15.935,5,-12.8,R1
603568,伟明环保,2025-09-08,2025-09-11,16.161,16.218,15.401,3,0.35,R3
603606,东方电缆,2025-05-20,2025-05-22,41.313,39.996,40.234,2,-3.19,R1
603658,安图生物,2023-05-10,2023-05-19,51.416,54.173,49.283,7,5.36,R3
603658,安图生物,2023-05-26,2023-06-06,52.467,49.387,49.81,7,-5.87,R1
603733,仙鹤股份,2026-01-22,2026-02-26,23.527,24.629,22.357,19,4.68,R4
603737,三棵树,2023-03-31,2023-04-12,48.32,46.149,46.311,7,-4.49,R1
603786,科博达,2025-03-06,2025-04-02,60.467,59.813,57.564,19,-1.08,R4
603826,坤彩科技,2023-03-24,2023-04-13,32.202,30.519,31.013,13,-5.22,R1
603833,欧派家居,2025-04-08,2025-04-14,60.098,59.323,58.27,4,-1.29,R1
603833,欧派家居,2025-04-16,2025-04-21,61.649,61.198,58.714,3,-0.73,R1
603858,步长制药,2023-06-29,2023-07-26,18.976,18.93,18.127,19,-0.24,R4
603882,金域医学,2023-06-26,2023-07-17,69.672,66.354,66.649,15,-4.76,R1
603885,吉祥航空,2025-01-13,2025-01-21,12.376,13.361,11.794,6,7.96,R3
603885,吉祥航空,2025-11-06,2025-11-11,13.095,14.008,12.612,3,6.98,R3
603899,晨光股份,2025-09-05,2025-09-18,29.412,27.547,28.113,9,-6.34,R1
603939,益丰药房,2025-10-27,2025-11-04,24.813,23.266,23.631,6,-6.24,R1
603993,洛阳钼业,2023-08-22,2023-09-04,5.469,5.798,5.224,9,6.01,R3
603993,洛阳钼业,2023-10-12,2023-10-19,5.554,5.188,5.279,5,-6.6,R1
603993,洛阳钼业,2024-11-27,2024-12-13,6.975,6.899,6.671,12,-1.1,R1
605117,德业股份,2025-04-21,2025-05-12,40.976,45.029,39.492,12,9.89,R3
605499,东鹏饮料,2023-07-31,2023-08-14,103.246,99.731,99.898,10,-3.41,R1
605499,东鹏饮料,2023-09-28,2023-10-11,102.864,107.881,97.849,3,4.88,R3
605499,东鹏饮料,2023-11-08,2023-11-22,103.353,108.281,98.568,10,4.77,R3
605499,东鹏饮料,2025-09-17,2025-10-10,225.296,236.528,215.724,11,4.99,R3
605499,东鹏饮料,2025-10-16,2025-10-27,226.07,217.806,219.488,7,-3.66,R1
605499,东鹏饮料,2026-01-05,2026-01-14,211.181,200.86,202.006,7,-4.89,R1
000001,平安银行,2025-03-05,2025-03-14,10.719,11.004,10.15,7,2.66,R3
000001,平安银行,2025-04-11,2025-05-13,10.011,10.378,9.634,19,3.67,R3
000001,平安银行,2025-05-21,2025-05-22,10.553,10.617,10.228,1,0.61,R3
000001,平安银行,2025-05-27,2025-06-03,10.562,10.856,10.23,4,2.79,R3
000001,平安银行,2025-09-09,2025-09-30,11.14,10.751,10.756,15,-3.49,R1
000001,平安银行,2025-10-22,2025-10-23,11.153,11.259,10.591,1,0.95,R3
000001,平安银行,2025-11-03,2025-11-14,11.066,11.376,10.595,9,2.8,R3
000001,平安银行,2025-11-19,2025-12-10,11.424,10.969,11.042,15,-3.98,R1
000001,平安银行,2025-12-15,2026-01-13,11.143,11.105,10.67,19,-0.35,R4
000027,深圳能源,2024-02-28,2024-03-08,6.057,6.357,5.792,7,4.95,R3
000027,深圳能源,2024-11-28,2024-12-25,6.33,6.273,6.126,19,-0.9,R4
000027,深圳能源,2025-09-05,2025-10-10,6.352,6.733,6.115,19,6.0,R3
000027,深圳能源,2026-02-04,2026-03-02,6.635,6.87,6.447,12,3.53,R3
000027,深圳能源,2026-04-16,2026-05-11,6.557,7.026,6.354,14,7.15,R3
000157,中联重科,2023-05-29,2023-06-14,5.316,5.65,5.138,12,6.29,R3
000157,中联重科,2023-08-28,2023-09-01,5.698,6.029,5.491,4,5.82,R3
000157,中联重科,2023-12-11,2023-12-25,5.698,5.841,5.437,10,2.52,R3
000157,中联重科,2024-01-11,2024-01-16,5.913,6.163,5.742,3,4.24,R3
000157,中联重科,2024-06-21,2024-06-27,7.068,6.755,6.877,4,-4.44,R1
000157,中联重科,2024-07-09,2024-07-23,6.647,6.28,6.325,10,-5.53,R1
000166,申万宏源,2023-08-25,2023-08-31,4.504,4.224,4.296,4,-6.24,R1
000166,申万宏源,2023-09-11,2023-10-16,4.243,4.253,4.068,19,0.23,R4
000166,申万宏源,2023-10-24,2023-11-06,4.214,4.398,4.098,9,4.37,R3
000166,申万宏源,2023-11-14,2023-12-11,4.466,4.437,4.315,19,-0.65,R4
000166,申万宏源,2024-02-06,2024-03-12,4.359,4.437,4.19,19,1.78,R4
000166,申万宏源,2024-03-18,2024-04-12,4.456,4.214,4.239,17,-5.43,R1
000166,申万宏源,2024-04-25,2024-04-26,4.437,4.65,4.213,1,4.8,R3
000166,申万宏源,2025-01-14,2025-02-18,4.965,5.044,4.789,19,1.59,R4
000166,申万宏源,2025-02-21,2025-03-20,5.142,5.034,4.91,19,-2.11,R4
000166,申万宏源,2025-06-09,2025-06-25,4.807,5.014,4.678,12,4.3,R3
000166,申万宏源,2025-07-03,2025-07-10,4.945,5.044,4.741,5,1.99,R3
000166,申万宏源,2025-09-24,2025-10-27,5.17,5.488,4.941,17,6.15,R3
000166,申万宏源,2026-01-26,2026-03-02,5.13,4.97,4.97,19,-3.12,R4
000301,东方盛虹,2025-07-01,2025-07-03,8.5,8.52,8.209,2,0.24,R3
000301,东方盛虹,2025-08-15,2025-08-21,8.92,9.36,8.483,4,4.93,R3
000301,东方盛虹,2026-03-25,2026-04-07,10.8,11.51,10.397,8,6.57,R3
000301,东方盛虹,2026-06-05,2026-06-15,11.85,12.76,11.41,6,7.68,R3
000301,东方盛虹,2026-06-24,2026-06-25,12.03,11.54,11.638,1,-4.07,R1
000301,东方盛虹,2026-07-01,2026-07-06,12.02,13.81,11.683,3,14.89,R3
000333,美的集团,2023-06-02,2023-06-07,44.81,47.795,43.172,3,6.66,R3
000333,美的集团,2023-08-24,2023-09-01,47.622,50.113,45.742,6,5.23,R3
000333,美的集团,2023-09-20,2023-10-20,49.213,46.004,46.696,16,-6.52,R1
000333,美的集团,2023-11-06,2023-11-13,45.969,44.17,44.241,5,-3.91,R1
000333,美的集团,2024-01-15,2024-01-16,48.34,49.239,45.943,1,1.86,R3
000333,美的集团,2024-07-31,2024-08-05,57.578,55.673,55.702,3,-3.31,R1
000333,美的集团,2024-09-02,2024-09-09,58.906,55.167,56.355,5,-6.35,R1
000333,美的集团,2025-06-11,2025-07-08,68.171,68.37,65.253,19,0.29,R4
000333,美的集团,2025-07-11,2025-08-07,68.616,67.669,65.347,19,-1.38,R4
000333,美的集团,2025-09-24,2025-10-23,70.15,70.898,66.75,15,1.07,R3
000333,美的集团,2025-10-30,2025-10-31,71.286,72.327,67.552,1,1.46,R3
000333,美的集团,2026-03-25,2026-03-30,71.258,68.685,69.077,3,-3.61,R1
000333,美的集团,2026-04-08,2026-04-20,73.096,75.811,69.228,8,3.71,R3
000333,美的集团,2026-05-13,2026-05-15,76.573,78.66,72.729,2,2.72,R3
000333,美的集团,2026-05-29,2026-06-11,77.021,81.308,72.966,9,5.57,R3
000338,潍柴动力,2023-05-30,2023-06-15,10.283,10.832,9.786,12,5.34,R3
000338,潍柴动力,2023-08-17,2023-08-21,10.849,10.548,10.556,2,-2.77,R1
000338,潍柴动力,2023-09-12,2023-09-26,11.034,11.42,10.57,10,3.5,R3
000408,藏格矿业,2024-05-29,2024-05-31,25.834,24.89,25.074,2,-3.66,R1
000408,藏格矿业,2024-06-14,2024-07-02,24.146,23.907,22.933,12,-0.99,R1
000423,东阿阿胶,2023-08-03,2023-08-08,43.995,47.988,41.848,3,9.08,R3
000423,东阿阿胶,2023-12-29,2024-01-03,43.483,46.551,41.237,2,7.06,R3
000425,徐工机械,2023-10-17,2023-10-23,5.717,5.308,5.45,4,-7.17,R1
000538,云南白药,2023-05-15,2023-06-01,49.533,46.816,46.993,13,-5.49,R1
000538,云南白药,2024-07-09,2024-07-19,46.675,48.843,45.054,8,4.65,R3
000538,云南白药,2024-09-24,2024-09-26,47.27,49.694,44.944,2,5.13,R3
000538,云南白药,2025-02-12,2025-03-11,53.527,51.583,51.072,19,-3.63,R4
000538,云南白药,2025-03-24,2025-03-31,51.686,53.079,49.116,5,2.69,R3
000538,云南白药,2025-04-15,2025-05-15,53.49,54.348,52.019,19,1.61,R4
000538,云南白药,2025-05-20,2025-06-17,54.415,52.994,52.132,19,-2.61,R4
000538,云南白药,2025-06-24,2025-07-21,52.85,53.585,50.5,19,1.39,R4
000538,云南白药,2025-08-11,2025-08-21,53.432,54.854,51.885,8,2.66,R3
000538,云南白药,2025-09-29,2025-11-03,55.701,54.73,52.869,19,-1.74,R4
000538,云南白药,2025-11-07,2025-12-04,54.41,54.118,52.593,19,-0.54,R4
000538,云南白药,2025-12-12,2025-12-18,54.215,55.012,52.656,4,1.47,R3
000538,云南白药,2025-12-24,2026-01-05,54.866,55.662,53.284,6,1.45,R3
000538,云南白药,2026-01-20,2026-02-24,55.536,54.973,53.528,19,-1.01,R4
000538,云南白药,2026-03-05,2026-03-26,54.274,52.691,52.817,15,-2.92,R1
000568,泸州老窖,2023-04-25,2023-05-10,199.495,192.63,194.048,8,-3.44,R1
000568,泸州老窖,2023-08-09,2023-08-23,209.915,198.575,198.743,10,-5.4,R1
000568,泸州老窖,2023-08-24,2023-09-04,206.377,217.307,197.059,7,5.3,R3
000568,泸州老窖,2023-09-22,2023-09-28,204.531,195.205,195.791,4,-4.56,R1
000568,泸州老窖,2025-08-05,2025-08-20,121.129,128.883,114.939,11,6.4,R3
000596,古井贡酒,2023-04-27,2023-05-04,239.363,259.134,231.968,2,8.26,R3
000596,古井贡酒,2023-06-02,2023-06-05,228.741,218.173,221.625,1,-4.62,R1
000596,古井贡酒,2023-08-09,2023-08-31,243.806,258.544,232.893,16,6.04,R3
000596,古井贡酒,2023-10-09,2023-10-19,244.345,229.777,233.246,8,-5.96,R1
000598,兴蓉环境,2025-01-23,2025-02-18,6.704,6.403,6.426,12,-4.49,R1
000598,兴蓉环境,2025-12-12,2026-01-12,6.967,6.851,6.652,19,-1.66,R4
000617,中油资本,2023-07-25,2023-08-14,6.808,6.704,6.517,14,-1.53,R1
000617,中油资本,2023-09-14,2023-10-13,6.143,5.868,5.907,15,-4.48,R1
000617,中油资本,2025-03-04,2025-03-10,6.282,6.273,5.95,4,-0.16,R1
000651,格力电器,2023-08-17,2023-08-21,31.103,29.886,30.148,2,-3.91,R1
000651,格力电器,2023-09-12,2023-10-13,31.561,30.058,30.157,17,-4.76,R1
000651,格力电器,2023-10-27,2023-11-13,29.549,28.124,28.711,11,-4.82,R1
000651,格力电器,2024-07-18,2024-07-23,33.987,32.899,32.94,3,-3.2,R1
000651,格力电器,2024-08-15,2024-08-23,34.989,36.301,33.593,6,3.75,R3
000651,格力电器,2025-02-12,2025-02-19,40.019,38.355,38.655,5,-4.16,R1
000651,格力电器,2025-06-12,2025-07-02,41.919,43.367,39.9,14,3.46,R3
000708,中信特钢,2026-05-22,2026-06-08,14.24,13.29,13.494,11,-6.67,R1
000709,河钢股份,2023-02-09,2023-02-14,2.298,2.336,2.199,3,1.65,R3
000725,京东方A,2023-09-22,2023-10-23,3.779,3.585,3.661,15,-5.14,R1
000725,京东方A,2023-11-17,2023-12-05,3.867,3.682,3.722,12,-4.77,R1
000728,国元证券,2023-07-13,2023-07-25,6.302,6.508,6.093,8,3.27,R3
000728,国元证券,2023-12-04,2023-12-25,6.508,6.18,6.236,15,-5.04,R1
000728,国元证券,2025-04-18,2025-05-14,7.146,7.58,6.88,15,6.08,R3
000728,国元证券,2025-05-29,2025-06-19,7.329,7.319,6.99,14,-0.13,R1
000728,国元证券,2025-11-27,2025-12-24,8.093,8.261,7.834,19,2.07,R4
000728,国元证券,2026-02-09,2026-03-04,8.172,7.768,7.897,11,-4.95,R1
000729,燕京啤酒,2023-06-28,2023-07-05,11.956,11.444,11.521,5,-4.28,R1
000738,航发控制,2024-12-26,2025-01-02,21.206,20.624,20.256,4,-2.75,R1
000768,中航西飞,2024-12-20,2024-12-31,26.017,27.904,25.028,7,7.25,R3
000768,中航西飞,2025-01-17,2025-01-22,26.451,25.305,25.341,3,-4.33,R1
000776,广发证券,2025-03-06,2025-03-28,15.293,15.954,14.81,16,4.33,R3
000776,广发证券,2025-05-30,2025-06-25,15.847,16.888,15.076,17,6.57,R3
000776,广发证券,2025-12-04,2025-12-11,20.95,20.61,19.874,5,-1.62,R1
000783,长江证券,2023-07-03,2023-07-13,5.274,5.475,5.022,8,3.8,R3
000783,长江证券,2023-09-22,2023-10-09,5.466,5.292,5.326,5,-3.19,R1
000783,长江证券,2023-10-24,2023-11-20,5.246,5.31,5.098,19,1.22,R4
000783,长江证券,2025-05-29,2025-06-25,6.174,6.843,6.012,18,10.82,R3
000786,北新建材,2023-03-21,2023-03-27,25.444,24.126,24.135,4,-5.18,R1
000786,北新建材,2023-04-07,2023-04-14,25.061,23.797,24.127,5,-5.05,R1
000786,北新建材,2024-11-27,2024-12-12,26.869,28.324,25.866,11,5.41,R3
000786,北新建材,2024-12-23,2024-12-25,26.756,28.812,25.549,2,7.68,R3
000786,北新建材,2025-04-24,2025-04-28,28.155,26.878,27.194,2,-4.53,R1
000792,盐湖股份,2024-12-19,2025-01-10,16.89,15.9,16.063,15,-5.86,R1
000792,盐湖股份,2025-01-27,2025-02-24,16.53,17.2,16.105,14,4.05,R3
000800,一汽解放,2024-02-29,2024-03-05,8.481,8.936,8.257,3,5.37,R3
000800,一汽解放,2024-03-12,2024-04-10,8.413,8.49,8.14,19,0.92,R4
000858,五粮液,2023-04-17,2023-04-24,151.491,142.836,145.746,5,-5.71,R1
000876,新希望,2025-03-26,2025-04-07,9.491,10.18,9.178,7,7.26,R3
000876,新希望,2025-05-20,2025-06-17,9.641,9.571,9.212,19,-0.72,R4
000876,新希望,2025-07-02,2025-07-08,9.421,9.581,9.182,4,1.69,R3
000876,新希望,2025-07-18,2025-07-21,9.711,9.861,9.313,1,1.54,R3
000876,新希望,2025-08-05,2025-08-21,9.68,9.96,9.437,12,2.89,R3
000876,新希望,2025-10-23,2025-11-10,9.7,10.05,9.368,12,3.61,R3
000877,天山股份,2025-07-21,2025-07-22,5.51,6.06,5.24,1,9.98,R3
000877,天山股份,2026-01-20,2026-01-23,5.6,5.72,5.398,3,2.14,R3
000877,天山股份,2026-01-28,2026-02-02,5.68,5.1,5.412,3,-10.21,R1
000883,湖北能源,2024-02-06,2024-03-04,4.2,4.46,4.016,13,6.18,R3
000883,湖北能源,2024-10-18,2024-11-14,4.871,4.881,4.653,19,0.2,R4
000883,湖北能源,2024-12-06,2025-01-02,4.89,4.724,4.765,18,-3.4,R1
000895,双汇发展,2023-12-21,2023-12-27,22.189,23.088,21.572,4,4.05,R3
000895,双汇发展,2024-04-26,2024-05-15,24.176,23.111,23.127,10,-4.41,R1
000895,双汇发展,2024-05-20,2024-06-17,23.272,22.618,22.19,19,-2.81,R4
000895,双汇发展,2024-11-20,2024-11-25,22.863,22.255,22.271,3,-2.66,R1
000895,双汇发展,2025-06-24,2025-07-11,23.256,23.559,22.382,13,1.3,R3
000895,双汇发展,2025-08-05,2025-08-21,23.673,24.118,22.617,12,1.88,R3
000895,双汇发展,2025-08-29,2025-09-01,24.527,24.906,23.311,1,1.55,R3
000895,双汇发展,2025-10-10,2025-10-23,24.147,24.848,23.297,9,2.9,R3
000895,双汇发展,2026-01-19,2026-02-05,24.857,25.956,23.807,13,4.42,R3
000895,双汇发展,2026-03-02,2026-03-06,25.674,26.481,24.688,4,3.14,R3
000895,双汇发展,2026-05-25,2026-05-26,25.81,24.52,24.562,1,-5.0,R1
000932,华菱钢铁,2023-07-11,2023-07-12,4.473,4.535,4.336,1,1.39,R3
000932,华菱钢铁,2023-11-20,2023-12-05,5.061,4.776,4.806,11,-5.63,R1
000951,中国重汽,2023-08-28,2023-08-31,14.669,13.793,13.999,3,-5.97,R1
000958,电投产融,2025-08-05,2025-08-18,6.669,6.935,6.428,9,3.98,R3
000958,电投产融,2025-12-26,2026-01-14,6.57,7.04,6.365,11,7.15,R3
000963,华东医药,2023-07-21,2023-07-31,40.79,40.353,39.556,6,-1.07,R1
000963,华东医药,2025-02-20,2025-03-19,32.57,33.289,31.217,19,2.21,R4
000963,华东医药,2025-12-08,2025-12-15,41.636,39.208,40.073,5,-5.83,R1
000963,华东医药,2026-01-09,2026-01-21,38.806,37.318,37.527,8,-3.84,R1
000975,山金国际,2024-01-15,2024-01-22,13.739,12.484,13.073,5,-9.13,R1
000987,越秀资本,2023-09-11,2023-10-10,6.356,6.044,6.056,15,-4.91,R1
000987,越秀资本,2023-11-14,2023-11-29,6.135,5.832,5.857,11,-4.94,R1
000987,越秀资本,2025-01-14,2025-02-12,6.179,6.539,5.954,15,5.83,R3
000987,越秀资本,2025-02-21,2025-02-25,6.492,6.217,6.218,2,-4.23,R1
000987,越秀资本,2025-06-11,2025-06-19,6.359,6.046,6.114,6,-4.92,R1
000987,越秀资本,2025-06-24,2025-06-25,6.283,6.606,6.049,1,5.13,R3
000999,华润三九,2023-07-12,2023-07-13,30.197,29.207,29.245,1,-3.28,R1
000999,华润三九,2025-01-14,2025-02-18,31.834,31.687,30.473,19,-0.46,R1
001289,龙源电力,2025-09-02,2025-09-05,16.746,17.637,15.859,3,5.32,R3
001289,龙源电力,2026-04-30,2026-05-06,16.737,17.215,15.987,1,2.86,R3
001872,招商港口,2024-09-18,2024-09-27,18.19,19.333,17.447,7,6.28,R3
001872,招商港口,2024-11-04,2024-11-18,19.092,20.569,18.163,10,7.74,R3
001965,招商公路,2024-01-24,2024-01-29,9.115,9.641,8.681,3,5.78,R3
001965,招商公路,2024-09-20,2024-09-27,11.401,11.305,10.877,5,-0.85,R1
001965,招商公路,2024-11-01,2024-11-12,11.507,11.035,11.07,7,-4.1,R1
001965,招商公路,2025-02-14,2025-02-26,12.095,13.02,11.652,8,7.65,R3
001965,招商公路,2025-03-26,2025-04-01,12.433,12.972,11.823,4,4.34,R3
001965,招商公路,2025-04-18,2025-05-20,12.587,12.394,11.961,19,-1.53,R4
001979,招商蛇口,2023-01-18,2023-02-02,13.317,13.233,12.825,6,-0.63,R1
001979,招商蛇口,2023-02-27,2023-03-07,13.614,13.354,13.18,6,-1.91,R1
001979,招商蛇口,2023-03-22,2023-03-24,12.936,12.527,12.604,2,-3.16,R1
001979,招商蛇口,2025-04-16,2025-04-25,9.512,9.169,9.262,7,-3.6,R1
002001,新和成,2024-09-18,2024-09-26,17.854,18.902,17.391,6,5.87,R3
002001,新和成,2024-12-06,2025-01-03,20.072,20.268,19.077,19,0.98,R4
002001,新和成,2025-06-03,2025-06-30,21.175,20.538,20.115,19,-3.01,R4
002007,华兰生物,2023-05-19,2023-06-06,19.873,19.301,19.366,12,-2.88,R1
002007,华兰生物,2023-06-09,2023-07-10,19.489,19.938,18.461,19,2.3,R4
002007,华兰生物,2023-07-21,2023-07-26,20.291,20.753,19.558,3,2.28,R3
002007,华兰生物,2023-09-25,2023-10-09,19.938,20.454,18.873,4,2.59,R3
002007,华兰生物,2023-10-27,2023-10-30,20.246,21.071,19.418,1,4.07,R3
002027,分众传媒,2024-04-01,2024-04-08,5.73,5.909,5.533,3,3.13,R3
002027,分众传媒,2025-01-14,2025-02-18,5.989,5.815,5.778,19,-2.91,R1
002027,分众传媒,2025-03-27,2025-04-07,6.438,5.898,6.138,6,-8.39,R1
002027,分众传媒,2025-10-23,2025-11-19,7.152,7.219,6.924,19,0.93,R4
002028,思源电气,2023-11-03,2023-11-14,48.532,46.467,46.541,7,-4.26,R1
002028,思源电气,2023-12-22,2023-12-29,49.151,51.177,47.313,5,4.12,R3
002028,思源电气,2025-06-05,2025-07-02,71.212,72.854,69.163,19,2.31,R4
002032,苏泊尔,2024-05-28,2024-06-21,48.554,45.765,46.23,17,-5.74,R1
002032,苏泊尔,2024-12-17,2025-01-08,48.292,50.693,45.884,15,4.97,R3
002032,苏泊尔,2025-07-14,2025-08-08,49.656,48.671,48.39,19,-1.98,R4
002050,三花智控,2023-12-07,2023-12-26,27.311,27.205,26.571,13,-0.39,R1
002064,华峰化学,2023-08-14,2023-08-25,6.905,6.546,6.574,9,-5.19,R1
002064,华峰化学,2024-07-11,2024-07-12,6.91,7.469,6.597,1,8.09,R3
002064,华峰化学,2025-02-06,2025-03-05,7.729,8.124,7.376,19,5.11,R4
002078,太阳纸业,2023-01-16,2023-02-13,10.724,11.147,10.247,15,3.94,R3
002078,太阳纸业,2023-08-28,2023-09-18,10.86,11.469,10.286,15,5.6,R3
002078,太阳纸业,2023-12-20,2023-12-28,11.15,11.431,10.676,6,2.52,R3
002078,太阳纸业,2024-06-21,2024-07-18,13.313,13.592,12.812,19,2.09,R4
002078,太阳纸业,2025-11-03,2025-11-10,13.958,14.916,13.478,5,6.86,R3
002078,太阳纸业,2026-04-08,2026-04-13,15.204,14.289,14.786,3,-6.02,R1
002128,电投能源,2023-05-23,2023-06-19,11.951,11.701,11.349,19,-2.1,R4
002128,电投能源,2025-01-13,2025-01-22,17.69,17.681,17.0,7,-0.05,R1
002128,电投能源,2025-01-24,2025-02-05,17.948,17.892,17.053,2,-0.31,R1
002128,电投能源,2025-02-11,2025-02-13,17.589,17.074,17.119,2,-2.93,R1
002128,电投能源,2025-03-13,2025-03-24,17.782,18.021,17.259,7,1.34,R3
002128,电投能源,2025-04-01,2025-04-07,17.837,15.952,17.349,3,-10.57,R1
002142,宁波银行,2025-02-27,2025-03-14,22.706,24.018,21.914,11,5.78,R3
002142,宁波银行,2025-04-14,2025-05-13,22.24,23.72,21.235,18,6.66,R3
002142,宁波银行,2025-10-30,2025-10-31,26.666,27.262,25.417,1,2.24,R3
002142,宁波银行,2025-12-15,2025-12-18,27.176,27.983,26.2,3,2.97,R3
002142,宁波银行,2026-01-05,2026-01-07,27.37,28.313,26.358,2,3.45,R3
002142,宁波银行,2026-05-29,2026-06-11,30.17,31.94,28.757,9,5.87,R3
002142,宁波银行,2026-06-23,2026-06-30,30.335,28.867,29.201,5,-4.84,R1
002152,广电运通,2023-07-25,2023-08-04,10.904,11.39,10.561,8,4.46,R3
002152,广电运通,2023-09-22,2023-10-23,11.447,10.623,10.884,15,-7.2,R1
002179,中航光电,2024-11-27,2024-12-16,38.834,36.863,36.953,13,-5.08,R1
002179,中航光电,2025-02-06,2025-02-18,36.544,34.583,35.069,8,-5.37,R1
002179,中航光电,2025-04-28,2025-05-09,39.617,39.462,37.772,6,-0.39,R1
002179,中航光电,2025-05-20,2025-05-27,38.825,37.433,37.452,5,-3.58,R1
002179,中航光电,2025-07-08,2025-08-01,39.414,37.214,37.48,18,-5.58,R1
002185,华天科技,2023-05-26,2023-05-30,9.406,9.712,9.029,2,3.25,R3
002185,华天科技,2023-07-11,2023-07-18,9.326,9.97,8.924,5,6.9,R3
002223,鱼跃医疗,2023-09-27,2023-10-25,31.775,29.901,30.184,14,-5.9,R1
002223,鱼跃医疗,2023-12-27,2023-12-29,31.608,32.082,30.586,2,1.5,R3
002223,鱼跃医疗,2024-07-04,2024-07-31,34.483,35.221,33.066,19,2.14,R4
002223,鱼跃医疗,2025-10-23,2025-11-04,35.951,34.17,34.358,8,-4.95,R1
002223,鱼跃医疗,2025-12-01,2025-12-18,35.27,37.021,34.384,13,4.97,R3
002252,上海莱士,2023-09-11,2023-10-16,6.836,6.729,6.583,19,-1.57,R4
002252,上海莱士,2023-10-24,2023-11-06,6.485,6.924,6.172,9,6.78,R3
002252,上海莱士,2024-02-27,2024-03-04,6.973,7.158,6.659,4,2.66,R3
002252,上海莱士,2024-03-11,2024-03-13,7.041,7.373,6.694,2,4.72,R3
002252,上海莱士,2024-03-29,2024-04-08,6.934,6.709,6.751,4,-3.24,R1
002252,上海莱士,2024-11-19,2024-12-12,7.465,7.612,7.108,17,1.98,R3
002294,信立泰,2023-04-04,2023-04-07,32.736,35.495,31.142,2,8.43,R3
002294,信立泰,2023-05-16,2023-06-08,33.741,31.899,32.239,17,-5.46,R1
002294,信立泰,2023-12-25,2023-12-26,31.173,30.2,30.361,1,-3.12,R1
002294,信立泰,2023-12-29,2024-01-04,31.173,30.009,30.37,3,-3.74,R1
002294,信立泰,2025-03-06,2025-03-27,29.175,31.011,28.383,15,6.29,R3
002304,洋河股份,2023-03-21,2023-04-07,135.227,132.031,128.704,12,-2.36,R1
002304,洋河股份,2025-08-29,2025-09-18,71.198,67.557,68.652,14,-5.11,R1
002311,海大集团,2024-11-01,2024-11-05,42.624,45.978,41.118,2,7.87,R3
002311,海大集团,2025-11-10,2025-11-18,58.35,56.207,56.28,6,-3.67,R1
002311,海大集团,2025-12-04,2025-12-09,53.966,51.57,51.714,3,-4.44,R1
002318,久立特材,2025-07-14,2025-07-23,22.75,23.643,21.825,7,3.93,R3
002352,顺丰控股,2023-03-29,2023-04-07,50.147,53.319,48.63,6,6.32,R3
002352,顺丰控股,2025-01-27,2025-02-19,38.06,39.938,36.944,11,4.94,R3
002371,北方华创,2024-08-16,2024-08-23,233.342,222.71,223.431,5,-4.56,R1
002371,北方华创,2025-05-19,2025-06-12,321.153,298.429,304.396,17,-7.08,R1
002415,海康威视,2023-07-25,2023-07-31,31.646,33.325,30.295,4,5.31,R3
002415,海康威视,2023-08-21,2023-08-25,31.536,30.536,30.565,4,-3.17,R1
002415,海康威视,2023-11-23,2023-12-05,32.894,31.013,31.768,8,-5.72,R1
002415,海康威视,2025-11-28,2025-12-15,29.345,28.368,28.374,11,-3.33,R1
002415,海康威视,2026-01-09,2026-01-12,29.58,30.929,28.002,1,4.56,R3
002415,海康威视,2026-06-12,2026-06-16,30.24,32.2,29.26,2,6.48,R3
002422,科伦药业,2024-08-12,2024-08-22,30.004,31.149,28.465,8,3.82,R3
002429,兆驰股份,2023-12-25,2024-01-08,5.232,4.929,4.959,9,-5.79,R1
002429,兆驰股份,2024-01-11,2024-01-18,5.071,4.882,4.94,5,-3.73,R1
002475,立讯精密,2023-12-27,2023-12-29,32.013,33.819,30.446,2,5.64,R3
002493,荣盛石化,2026-04-24,2026-04-28,12.002,12.914,11.551,2,7.6,R3
002500,山西证券,2025-05-06,2025-06-03,5.543,5.437,5.295,19,-1.92,R4
002595,豪迈科技,2024-08-19,2024-08-22,24.684,25.228,23.999,3,2.2,R3
002595,豪迈科技,2025-07-30,2025-08-20,38.959,40.629,37.6,15,4.29,R3
002600,领益智造,2023-09-25,2023-10-11,5.606,6.0,5.328,6,7.02,R3
002601,龙佰集团,2024-07-11,2024-07-17,18.031,17.187,17.323,4,-4.68,R1
002601,龙佰集团,2025-11-27,2025-12-24,17.809,18.89,17.335,19,6.07,R3
002608,江苏国信,2024-01-02,2024-01-03,6.534,6.63,6.286,1,1.46,R3
002608,江苏国信,2026-02-04,2026-02-27,7.59,8.081,7.281,11,6.46,R3
002608,江苏国信,2026-04-08,2026-04-21,8.061,7.639,7.649,9,-5.23,R1
002648,卫星化学,2023-09-27,2023-10-19,14.509,14.397,13.826,10,-0.77,R1
002648,卫星化学,2023-11-23,2023-12-14,14.844,13.606,14.072,15,-8.34,R1
002648,卫星化学,2024-08-07,2024-08-14,15.799,15.058,15.078,5,-4.69,R1
002648,卫星化学,2024-11-27,2024-12-24,16.997,17.462,16.163,19,2.74,R4
002673,西部证券,2023-07-13,2023-07-25,6.279,6.575,6.052,8,4.72,R3
002673,西部证券,2023-09-22,2023-10-23,6.47,6.107,6.211,15,-5.61,R1
002673,西部证券,2023-12-11,2023-12-20,6.355,6.088,6.129,7,-4.21,R1
002673,西部证券,2025-06-16,2025-06-25,7.435,7.672,7.145,7,3.2,R3
002714,牧原股份,2024-06-26,2024-07-09,40.571,40.186,38.451,9,-0.95,R1
002714,牧原股份,2024-07-31,2024-08-19,41.059,39.434,39.554,13,-3.96,R1
002714,牧原股份,2024-11-21,2024-11-25,39.782,38.054,38.199,2,-4.34,R1
002736,国信证券,2023-07-25,2023-07-26,8.401,8.383,8.018,1,-0.21,R3
002736,国信证券,2023-09-22,2023-10-27,8.501,8.78,8.134,19,3.29,R3
002736,国信证券,2024-06-21,2024-07-02,8.301,7.902,7.909,7,-4.81,R1
002736,国信证券,2025-01-14,2025-02-18,9.741,9.843,9.39,19,1.05,R4
002736,国信证券,2025-04-10,2025-04-22,9.276,9.769,8.926,8,5.31,R3
002736,国信证券,2026-02-04,2026-03-11,11.927,11.791,11.395,19,-1.14,R4
002926,华西证券,2023-06-15,2023-07-14,8.217,8.276,7.804,19,0.71,R4
002938,鹏鼎控股,2024-12-17,2024-12-19,34.902,36.82,33.072,2,5.49,R3
002938,鹏鼎控股,2025-03-24,2025-04-03,35.516,31.998,34.443,8,-9.91,R1
002939,长城证券,2025-01-23,2025-02-21,7.719,8.534,7.504,15,10.56,R3
002939,长城证券,2025-04-25,2025-05-14,7.493,8.013,7.297,10,6.95,R3
002939,长城证券,2025-06-23,2025-06-25,7.964,8.377,7.666,2,5.18,R3
002945,华林证券,2023-02-08,2023-02-17,14.439,13.836,13.999,7,-4.18,R1
002945,华林证券,2023-09-22,2023-10-09,14.135,13.539,13.729,5,-4.21,R1
002945,华林证券,2026-03-30,2026-04-24,15.747,15.179,15.187,18,-3.6,R1
002966,苏州银行,2023-07-25,2023-07-28,5.877,6.111,5.71,3,3.97,R3
002966,苏州银行,2025-12-15,2025-12-19,7.981,8.285,7.623,4,3.81,R3
002966,苏州银行,2026-04-01,2026-04-15,8.207,8.452,7.843,9,2.99,R3
003022,联泓新科,2025-12-05,2025-12-16,19.117,18.17,18.216,7,-4.96,R1
003816,中国广核,2023-10-12,2023-10-30,2.94,2.781,2.802,12,-5.41,R1
003816,中国广核,2023-11-13,2023-11-30,2.762,2.837,2.642,13,2.71,R3
003816,中国广核,2023-12-18,2023-12-20,2.903,2.921,2.806,2,0.65,R3
003816,中国广核,2023-12-27,2024-01-03,2.94,3.062,2.811,4,4.14,R3
003816,中国广核,2024-12-16,2025-01-02,3.909,3.766,3.779,12,-3.66,R1
003816,中国广核,2026-01-19,2026-02-13,3.791,3.742,3.643,19,-1.29,R4
003816,中国广核,2026-02-24,2026-03-02,3.82,3.967,3.671,4,3.84,R3
003816,中国广核,2026-07-17,2026-07-20,3.94,4.07,3.834,1,3.3,R3
